dok_id,rm,beteckning,titel,datum,debattnamn,dok_url_html,dok_url_text,date,year,month
H50974,2017/18,74,Protokoll 2017/18:74 Fredagen den 16 februari,2018-02-16,Protokoll,//data.riksdagen.se/dokument/H50974.html,//data.riksdagen.se/dokument/H50974.text,2018-02-16,2018,2
H50975,2017/18,75,Protokoll 2017/18:75 Tisdagen den 27 februari,2018-02-27,Protokoll,//data.riksdagen.se/dokument/H50975.html,//data.riksdagen.se/dokument/H50975.text,2018-02-27,2018,2
H50976,2017/18,76,Protokoll 2017/18:76 Onsdagen den 28 februari,2018-02-28,Protokoll,//data.riksdagen.se/dokument/H50976.html,//data.riksdagen.se/dokument/H50976.text,2018-02-28,2018,2
H50977,2017/18,77,Protokoll 2017/18:77 Torsdagen den 1 mars,2018-03-01,Protokoll,//data.riksdagen.se/dokument/H50977.html,//data.riksdagen.se/dokument/H50977.text,2018-03-01,2018,3
H50978,2017/18,78,Protokoll 2017/18:78 Fredagen den 2 mars,2018-03-02,Protokoll,//data.riksdagen.se/dokument/H50978.html,//data.riksdagen.se/dokument/H50978.text,2018-03-02,2018,3
H50979,2017/18,79,Protokoll 2017/18:79 Tisdagen den 6 mars,2018-03-06,Protokoll,//data.riksdagen.se/dokument/H50979.html,//data.riksdagen.se/dokument/H50979.text,2018-03-06,2018,3
H50980,2017/18,80,Protokoll 2017/18:80 Onsdagen den 7 mars,2018-03-07,Protokoll,//data.riksdagen.se/dokument/H50980.html,//data.riksdagen.se/dokument/H50980.text,2018-03-07,2018,3
H50981,2017/18,81,Protokoll 2017/18:81 Torsdagen den 8 mars,2018-03-08,Protokoll,//data.riksdagen.se/dokument/H50981.html,//data.riksdagen.se/dokument/H50981.text,2018-03-08,2018,3
H50982,2017/18,82,Protokoll 2017/18:82 Fredagen den 9 mars,2018-03-09,Protokoll,//data.riksdagen.se/dokument/H50982.html,//data.riksdagen.se/dokument/H50982.text,2018-03-09,2018,3
H50983,2017/18,83,Protokoll 2017/18:83 Tisdagen den 13 mars,2018-03-13,Protokoll,//data.riksdagen.se/dokument/H50983.html,//data.riksdagen.se/dokument/H50983.text,2018-03-13,2018,3
H50984,2017/18,84,Protokoll 2017/18:84 Onsdagen den 14 mars,2018-03-14,Protokoll,//data.riksdagen.se/dokument/H50984.html,//data.riksdagen.se/dokument/H50984.text,2018-03-14,2018,3
H50985,2017/18,85,Protokoll 2017/18:85 Torsdagen den 15 mars,2018-03-15,Protokoll,//data.riksdagen.se/dokument/H50985.html,//data.riksdagen.se/dokument/H50985.text,2018-03-15,2018,3
H50986,2017/18,86,Protokoll 2017/18:86 Fredagen den 16 mars,2018-03-16,Protokoll,//data.riksdagen.se/dokument/H50986.html,//data.riksdagen.se/dokument/H50986.text,2018-03-16,2018,3
H50987,2017/18,87,Protokoll 2017/18:87 Tisdagen den 20 mars,2018-03-20,Protokoll,//data.riksdagen.se/dokument/H50987.html,//data.riksdagen.se/dokument/H50987.text,2018-03-20,2018,3
H50988,2017/18,88,Protokoll 2017/18:88 Onsdagen den 21 mars,2018-03-21,Protokoll,//data.riksdagen.se/dokument/H50988.html,//data.riksdagen.se/dokument/H50988.text,2018-03-21,2018,3
H50989,2017/18,89,Protokoll 2017/18:89 Torsdagen den 22 mars,2018-03-22,Protokoll,//data.riksdagen.se/dokument/H50989.html,//data.riksdagen.se/dokument/H50989.text,2018-03-22,2018,3
H50990,2017/18,90,Protokoll 2017/18:90 Fredagen den 23 mars,2018-03-23,Protokoll,//data.riksdagen.se/dokument/H50990.html,//data.riksdagen.se/dokument/H50990.text,2018-03-23,2018,3
H50991,2017/18,91,Protokoll 2017/18:91 Måndagen den 26 mars,2018-03-26,Protokoll,//data.riksdagen.se/dokument/H50991.html,//data.riksdagen.se/dokument/H50991.text,2018-03-26,2018,3
H50992,2017/18,92,Protokoll 2017/18:92 Tisdagen den 27 mars,2018-03-27,Protokoll,//data.riksdagen.se/dokument/H50992.html,//data.riksdagen.se/dokument/H50992.text,2018-03-27,2018,3
H50993,2017/18,93,Protokoll 2017/18:93 Onsdagen den 28 mars,2018-03-28,Protokoll,//data.riksdagen.se/dokument/H50993.html,//data.riksdagen.se/dokument/H50993.text,2018-03-28,2018,3
H509121,2017/18,121,Protokoll 2017/18:121 Tisdagen den 29 maj,2018-05-29,Protokoll,//data.riksdagen.se/dokument/H509121.html,//data.riksdagen.se/dokument/H509121.text,2018-05-29,2018,5
H509122,2017/18,122,Protokoll 2017/18:122 Onsdagen den 30 maj,2018-05-30,Protokoll,//data.riksdagen.se/dokument/H509122.html,//data.riksdagen.se/dokument/H509122.text,2018-05-30,2018,5
H509123,2017/18,123,Protokoll 2017/18:123 Torsdagen den 31 maj,2018-05-31,Protokoll,//data.riksdagen.se/dokument/H509123.html,//data.riksdagen.se/dokument/H509123.text,2018-05-31,2018,5
H509124,2017/18,124,Protokoll 2017/18:124 Fredagen den 1 juni,2018-06-01,Protokoll,//data.riksdagen.se/dokument/H509124.html,//data.riksdagen.se/dokument/H509124.text,2018-06-01,2018,6
H509125,2017/18,125,Protokoll 2017/18:125 Måndagen den 4 juni,2018-06-04,Protokoll,//data.riksdagen.se/dokument/H509125.html,//data.riksdagen.se/dokument/H509125.text,2018-06-04,2018,6
H509126,2017/18,126,Protokoll 2017/18:126 Tisdagen den 5 juni,2018-06-05,Protokoll,//data.riksdagen.se/dokument/H509126.html,//data.riksdagen.se/dokument/H509126.text,2018-06-05,2018,6
H509127,2017/18,127,Protokoll 2017/18:127 Torsdagen den 7 juni,2018-06-07,Protokoll,//data.riksdagen.se/dokument/H509127.html,//data.riksdagen.se/dokument/H509127.text,2018-06-07,2018,6
H509128,2017/18,128,Protokoll 2017/18:128 Fredagen den 8 juni,2018-06-08,Protokoll,//data.riksdagen.se/dokument/H509128.html,//data.riksdagen.se/dokument/H509128.text,2018-06-08,2018,6
H509129,2017/18,129,Protokoll 2017/18:129 Måndagen den 11 juni,2018-06-11,Protokoll,//data.riksdagen.se/dokument/H509129.html,//data.riksdagen.se/dokument/H509129.text,2018-06-11,2018,6
H509130,2017/18,130,Protokoll 2017/18:130 Tisdagen den 12 juni,2018-06-12,Protokoll,//data.riksdagen.se/dokument/H509130.html,//data.riksdagen.se/dokument/H509130.text,2018-06-12,2018,6
H509131,2017/18,131,Protokoll 2017/18:131 Onsdagen den 13 juni,2018-06-13,Protokoll,//data.riksdagen.se/dokument/H509131.html,//data.riksdagen.se/dokument/H509131.text,2018-06-13,2018,6
H509132,2017/18,132,Protokoll 2017/18:132 Torsdagen den 14 juni,2018-06-14,Protokoll,//data.riksdagen.se/dokument/H509132.html,//data.riksdagen.se/dokument/H509132.text,2018-06-14,2018,6
H509133,2017/18,133,Protokoll 2017/18:133 Fredagen den 15 juni,2018-06-15,Protokoll,//data.riksdagen.se/dokument/H509133.html,//data.riksdagen.se/dokument/H509133.text,2018-06-15,2018,6
H509134,2017/18,134,Protokoll 2017/18:134 Måndagen den 18 juni,2018-06-18,Protokoll,//data.riksdagen.se/dokument/H509134.html,//data.riksdagen.se/dokument/H509134.text,2018-06-18,2018,6
H509135,2017/18,135,Protokoll 2017/18:135 Tisdagen den 19 juni,2018-06-19,Protokoll,//data.riksdagen.se/dokument/H509135.html,//data.riksdagen.se/dokument/H509135.text,2018-06-19,2018,6
H509136,2017/18,136,Protokoll 2017/18:136 Onsdagen den 20 juni,2018-06-20,Protokoll,//data.riksdagen.se/dokument/H509136.html,//data.riksdagen.se/dokument/H509136.text,2018-06-20,2018,6
H509137,2017/18,137,Protokoll 2017/18:137 Måndagen den 25 juni,2018-06-25,Protokoll,//data.riksdagen.se/dokument/H509137.html,//data.riksdagen.se/dokument/H509137.text,2018-06-25,2018,6
H509138,2017/18,138,Protokoll 2017/18:138 Tisdagen den 26 juni,2018-06-26,Protokoll,//data.riksdagen.se/dokument/H509138.html,//data.riksdagen.se/dokument/H509138.text,2018-06-26,2018,6
H509139,2017/18,139,Protokoll 2017/18:139 Onsdagen den 27 juni,2018-06-27,Protokoll,//data.riksdagen.se/dokument/H509139.html,//data.riksdagen.se/dokument/H509139.text,2018-06-27,2018,6
H509140,2017/18,140,Protokoll 2017/18:140 Torsdagen den 28 juni,2018-06-28,Protokoll,//data.riksdagen.se/dokument/H509140.html,//data.riksdagen.se/dokument/H509140.text,2018-06-28,2018,6
H509141,2017/18,141,Protokoll 2017/18:141 Torsdagen den 9 augusti,2018-08-09,Protokoll,//data.riksdagen.se/dokument/H509141.html,//data.riksdagen.se/dokument/H509141.text,2018-08-09,2018,8
H509142,2017/18,142,Protokoll 2017/18:142 Torsdagen den 30 augusti,2018-08-30,Protokoll,//data.riksdagen.se/dokument/H509142.html,//data.riksdagen.se/dokument/H509142.text,2018-08-30,2018,8
H6091,2018/19,1,Protokoll 2018/19:1 Måndagen den 24 september,2018-09-24,Protokoll,//data.riksdagen.se/dokument/H6091.html,//data.riksdagen.se/dokument/H6091.text,2018-09-24,2018,9
H6093,2018/19,3,Protokoll 2018/19:3 Tisdagen den 25 september,2018-09-25,Protokoll,//data.riksdagen.se/dokument/H6093.html,//data.riksdagen.se/dokument/H6093.text,2018-09-25,2018,9
H6092,2018/19,2,Protokoll 2018/19:2 Tisdagen den 25 september,2018-09-25,Protokoll,//data.riksdagen.se/dokument/H6092.html,//data.riksdagen.se/dokument/H6092.text,2018-09-25,2018,9
H6094,2018/19,4,Protokoll 2018/19:4 Onsdagen den 26 september,2018-09-26,Protokoll,//data.riksdagen.se/dokument/H6094.html,//data.riksdagen.se/dokument/H6094.text,2018-09-26,2018,9
H60916,2018/19,16,Protokoll 2018/19:16 Onsdagen den 14 november,2018-11-14,Protokoll,//data.riksdagen.se/dokument/H60916.html,//data.riksdagen.se/dokument/H60916.text,2018-11-14,2018,11
H60917,2018/19,17,Protokoll 2018/19:17 Torsdagen den 15 november,2018-11-15,Protokoll,//data.riksdagen.se/dokument/H60917.html,//data.riksdagen.se/dokument/H60917.text,2018-11-15,2018,11
H60918,2018/19,18,Protokoll 2018/19:18 Tisdagen den 20 november,2018-11-20,Protokoll,//data.riksdagen.se/dokument/H60918.html,//data.riksdagen.se/dokument/H60918.text,2018-11-20,2018,11
H60919,2018/19,19,Protokoll 2018/19:19 Onsdagen den 21 november,2018-11-21,Protokoll,//data.riksdagen.se/dokument/H60919.html,//data.riksdagen.se/dokument/H60919.text,2018-11-21,2018,11
H60920,2018/19,20,Protokoll 2018/19:20 Torsdagen den 22 november,2018-11-22,Protokoll,//data.riksdagen.se/dokument/H60920.html,//data.riksdagen.se/dokument/H60920.text,2018-11-22,2018,11
H60921,2018/19,21,Protokoll 2018/19:21 Tisdagen den 27 november,2018-11-27,Protokoll,//data.riksdagen.se/dokument/H60921.html,//data.riksdagen.se/dokument/H60921.text,2018-11-27,2018,11
H60922,2018/19,22,Protokoll 2018/19:22 Onsdagen den 28 november,2018-11-28,Protokoll,//data.riksdagen.se/dokument/H60922.html,//data.riksdagen.se/dokument/H60922.text,2018-11-28,2018,11
H60923,2018/19,23,Protokoll 2018/19:23 Tisdagen den 4 december,2018-12-04,Protokoll,//data.riksdagen.se/dokument/H60923.html,//data.riksdagen.se/dokument/H60923.text,2018-12-04,2018,12
H60924,2018/19,24,Protokoll 2018/19:24 Onsdagen den 5 december,2018-12-05,Protokoll,//data.riksdagen.se/dokument/H60924.html,//data.riksdagen.se/dokument/H60924.text,2018-12-05,2018,12
H60925,2018/19,25,Protokoll 2018/19:25 Måndagen den 10 december,2018-12-10,Protokoll,//data.riksdagen.se/dokument/H60925.html,//data.riksdagen.se/dokument/H60925.text,2018-12-10,2018,12
H60926,2018/19,26,Protokoll 2018/19:26 Tisdagen den 11 december,2018-12-11,Protokoll,//data.riksdagen.se/dokument/H60926.html,//data.riksdagen.se/dokument/H60926.text,2018-12-11,2018,12
H60927,2018/19,27,Protokoll 2018/19:27 Onsdagen den 12 december,2018-12-12,Protokoll,//data.riksdagen.se/dokument/H60927.html,//data.riksdagen.se/dokument/H60927.text,2018-12-12,2018,12
H60928,2018/19,28,Protokoll 2018/19:28 Torsdagen den 13 december,2018-12-13,Protokoll,//data.riksdagen.se/dokument/H60928.html,//data.riksdagen.se/dokument/H60928.text,2018-12-13,2018,12
H60929,2018/19,29,Protokoll 2018/19:29 Fredagen den 14 december,2018-12-14,Protokoll,//data.riksdagen.se/dokument/H60929.html,//data.riksdagen.se/dokument/H60929.text,2018-12-14,2018,12
H60930,2018/19,30,Protokoll 2018/19:30 Lördagen den 15 december,2018-12-15,Protokoll,//data.riksdagen.se/dokument/H60930.html,//data.riksdagen.se/dokument/H60930.text,2018-12-15,2018,12
H60931,2018/19,31,Protokoll 2018/19:31 Måndagen den 17 december,2018-12-17,Protokoll,//data.riksdagen.se/dokument/H60931.html,//data.riksdagen.se/dokument/H60931.text,2018-12-17,2018,12
H60932,2018/19,32,Protokoll 2018/19:32 Tisdagen den 18 december,2018-12-18,Protokoll,//data.riksdagen.se/dokument/H60932.html,//data.riksdagen.se/dokument/H60932.text,2018-12-18,2018,12
H60933,2018/19,33,Protokoll 2018/19:33 Onsdagen den 19 december,2018-12-19,Protokoll,//data.riksdagen.se/dokument/H60933.html,//data.riksdagen.se/dokument/H60933.text,2018-12-19,2018,12
H60934,2018/19,34,Protokoll 2018/19:34 Torsdagen den 20 december,2018-12-20,Protokoll,//data.riksdagen.se/dokument/H60934.html,//data.riksdagen.se/dokument/H60934.text,2018-12-20,2018,12
H60935,2018/19,35,Protokoll 2018/19:35 Fredagen den 21 december,2018-12-21,Protokoll,//data.riksdagen.se/dokument/H60935.html,//data.riksdagen.se/dokument/H60935.text,2018-12-21,2018,12
H60951,2018/19,51,Protokoll 2018/19:51 Tisdagen den 12 februari,2019-02-12,Protokoll,//data.riksdagen.se/dokument/H60951.html,//data.riksdagen.se/dokument/H60951.text,2019-02-12,2019,2
H60952,2018/19,52,Protokoll 2018/19:52 Onsdagen den 13 februari,2019-02-13,Protokoll,//data.riksdagen.se/dokument/H60952.html,//data.riksdagen.se/dokument/H60952.text,2019-02-13,2019,2
H60953,2018/19,53,Protokoll 2018/19:53 Torsdagen den 14 februari,2019-02-14,Protokoll,//data.riksdagen.se/dokument/H60953.html,//data.riksdagen.se/dokument/H60953.text,2019-02-14,2019,2
H60954,2018/19,54,Protokoll 2018/19:54 Fredagen den 15 februari,2019-02-15,Protokoll,//data.riksdagen.se/dokument/H60954.html,//data.riksdagen.se/dokument/H60954.text,2019-02-15,2019,2
H60955,2018/19,55,Protokoll 2018/19:55 Tisdagen den 26 februari,2019-02-26,Protokoll,//data.riksdagen.se/dokument/H60955.html,//data.riksdagen.se/dokument/H60955.text,2019-02-26,2019,2
H60956,2018/19,56,Protokoll 2018/19:56 Onsdagen den 27 februari,2019-02-27,Protokoll,//data.riksdagen.se/dokument/H60956.html,//data.riksdagen.se/dokument/H60956.text,2019-02-27,2019,2
H60957,2018/19,57,Protokoll 2018/19:57 Torsdagen den 28 februari,2019-02-28,Protokoll,//data.riksdagen.se/dokument/H60957.html,//data.riksdagen.se/dokument/H60957.text,2019-02-28,2019,2
H60958,2018/19,58,Protokoll 2018/19:58 Fredagen den 1 mars,2019-03-01,Protokoll,//data.riksdagen.se/dokument/H60958.html,//data.riksdagen.se/dokument/H60958.text,2019-03-01,2019,3
H60959,2018/19,59,Protokoll 2018/19:59 Tisdagen den 5 mars,2019-03-05,Protokoll,//data.riksdagen.se/dokument/H60959.html,//data.riksdagen.se/dokument/H60959.text,2019-03-05,2019,3
H60960,2018/19,60,Protokoll 2018/19:60 Onsdagen den 6 mars,2019-03-06,Protokoll,//data.riksdagen.se/dokument/H60960.html,//data.riksdagen.se/dokument/H60960.text,2019-03-06,2019,3
H60961,2018/19,61,Protokoll 2018/19:61 Torsdagen den 7 mars,2019-03-07,Protokoll,//data.riksdagen.se/dokument/H60961.html,//data.riksdagen.se/dokument/H60961.text,2019-03-07,2019,3
H60962,2018/19,62,Protokoll 2018/19:62 Fredagen den 8 mars,2019-03-08,Protokoll,//data.riksdagen.se/dokument/H60962.html,//data.riksdagen.se/dokument/H60962.text,2019-03-08,2019,3
H60963,2018/19,63,Protokoll 2018/19:63 Tisdagen den 12 mars,2019-03-12,Protokoll,//data.riksdagen.se/dokument/H60963.html,//data.riksdagen.se/dokument/H60963.text,2019-03-12,2019,3
H60964,2018/19,64,Protokoll 2018/19:64 Onsdagen den 13 mars,2019-03-13,Protokoll,//data.riksdagen.se/dokument/H60964.html,//data.riksdagen.se/dokument/H60964.text,2019-03-13,2019,3
H60965,2018/19,65,Protokoll 2018/19:65 Torsdagen den 14 mars,2019-03-14,Protokoll,//data.riksdagen.se/dokument/H60965.html,//data.riksdagen.se/dokument/H60965.text,2019-03-14,2019,3
H60966,2018/19,66,Protokoll 2018/19:66 Fredagen den 15 mars,2019-03-15,Protokoll,//data.riksdagen.se/dokument/H60966.html,//data.riksdagen.se/dokument/H60966.text,2019-03-15,2019,3
H60967,2018/19,67,Protokoll 2018/19:67 Tisdagen den 26 mars,2019-03-26,Protokoll,//data.riksdagen.se/dokument/H60967.html,//data.riksdagen.se/dokument/H60967.text,2019-03-26,2019,3
H60968,2018/19,68,Protokoll 2018/19:68 Onsdagen den 27 mars,2019-03-27,Protokoll,//data.riksdagen.se/dokument/H60968.html,//data.riksdagen.se/dokument/H60968.text,2019-03-27,2019,3
H60969,2018/19,69,Protokoll 2018/19:69 Torsdagen den 28 mars,2019-03-28,Protokoll,//data.riksdagen.se/dokument/H60969.html,//data.riksdagen.se/dokument/H60969.text,2019-03-28,2019,3
H60970,2018/19,70,Protokoll 2018/19:70 Fredagen den 29 mars,2019-03-29,Protokoll,//data.riksdagen.se/dokument/H60970.html,//data.riksdagen.se/dokument/H60970.text,2019-03-29,2019,3
H60991,2018/19,91,Protokoll 2018/19:91 Måndagen den 13 maj,2019-05-13,Protokoll,//data.riksdagen.se/dokument/H60991.html,//data.riksdagen.se/dokument/H60991.text,2019-05-13,2019,5
H60992,2018/19,92,Protokoll 2018/19:92 Tisdagen den 14 maj,2019-05-14,Protokoll,//data.riksdagen.se/dokument/H60992.html,//data.riksdagen.se/dokument/H60992.text,2019-05-14,2019,5
H60993,2018/19,93,Protokoll 2018/19:93 Onsdagen den 15 maj,2019-05-15,Protokoll,//data.riksdagen.se/dokument/H60993.html,//data.riksdagen.se/dokument/H60993.text,2019-05-15,2019,5
H60994,2018/19,94,Protokoll 2018/19:94 Torsdagen den 16 maj,2019-05-16,Protokoll,//data.riksdagen.se/dokument/H60994.html,//data.riksdagen.se/dokument/H60994.text,2019-05-16,2019,5
H60995,2018/19,95,Protokoll 2018/19:95 Måndagen den 27 maj,2019-05-27,Protokoll,//data.riksdagen.se/dokument/H60995.html,//data.riksdagen.se/dokument/H60995.text,2019-05-27,2019,5
H60996,2018/19,96,Protokoll 2018/19:96 Tisdagen den 28 maj,2019-05-28,Protokoll,//data.riksdagen.se/dokument/H60996.html,//data.riksdagen.se/dokument/H60996.text,2019-05-28,2019,5
H60997,2018/19,97,Protokoll 2018/19:97 Onsdagen den 29 maj,2019-05-29,Protokoll,//data.riksdagen.se/dokument/H60997.html,//data.riksdagen.se/dokument/H60997.text,2019-05-29,2019,5
H60998,2018/19,98,Protokoll 2018/19:98 Måndagen den 3 juni,2019-06-03,Protokoll,//data.riksdagen.se/dokument/H60998.html,//data.riksdagen.se/dokument/H60998.text,2019-06-03,2019,6
H60999,2018/19,99,Protokoll 2018/19:99 Tisdagen den 4 juni,2019-06-04,Protokoll,//data.riksdagen.se/dokument/H60999.html,//data.riksdagen.se/dokument/H60999.text,2019-06-04,2019,6
H609100,2018/19,100,Protokoll 2018/19:100 Onsdagen den 5 juni,2019-06-05,Protokoll,//data.riksdagen.se/dokument/H609100.html,//data.riksdagen.se/dokument/H609100.text,2019-06-05,2019,6
H609101,2018/19,101,Protokoll 2018/19:101 Måndagen den 10 juni,2019-06-10,Protokoll,//data.riksdagen.se/dokument/H609101.html,//data.riksdagen.se/dokument/H609101.text,2019-06-10,2019,6
H609102,2018/19,102,Protokoll 2018/19:102 Tisdagen den 11 juni,2019-06-11,Protokoll,//data.riksdagen.se/dokument/H609102.html,//data.riksdagen.se/dokument/H609102.text,2019-06-11,2019,6
H609103,2018/19,103,Protokoll 2018/19:103 Onsdagen den 12 juni,2019-06-12,Protokoll,//data.riksdagen.se/dokument/H609103.html,//data.riksdagen.se/dokument/H609103.text,2019-06-12,2019,6
H609104,2018/19,104,Protokoll 2018/19:104 Torsdagen den 13 juni,2019-06-13,Protokoll,//data.riksdagen.se/dokument/H609104.html,//data.riksdagen.se/dokument/H609104.text,2019-06-13,2019,6
H609105,2018/19,105,Protokoll 2018/19:105 Fredagen den 14 juni,2019-06-14,Protokoll,//data.riksdagen.se/dokument/H609105.html,//data.riksdagen.se/dokument/H609105.text,2019-06-14,2019,6
H609106,2018/19,106,Protokoll 2018/19:106 Måndagen den 17 juni,2019-06-17,Protokoll,//data.riksdagen.se/dokument/H609106.html,//data.riksdagen.se/dokument/H609106.text,2019-06-17,2019,6
H609107,2018/19,107,Protokoll 2018/19:107 Tisdagen den 18 juni,2019-06-18,Protokoll,//data.riksdagen.se/dokument/H609107.html,//data.riksdagen.se/dokument/H609107.text,2019-06-18,2019,6
H609108,2018/19,108,Protokoll 2018/19:108 Onsdagen den 19 juni,2019-06-19,Protokoll,//data.riksdagen.se/dokument/H609108.html,//data.riksdagen.se/dokument/H609108.text,2019-06-19,2019,6
H609109,2018/19,109,Protokoll 2018/19:109 Måndagen den 24 juni,2019-06-24,Protokoll,//data.riksdagen.se/dokument/H609109.html,//data.riksdagen.se/dokument/H609109.text,2019-06-24,2019,6
H609110,2018/19,110,Protokoll 2018/19:110 Tisdagen den 25 juni,2019-06-25,Protokoll,//data.riksdagen.se/dokument/H609110.html,//data.riksdagen.se/dokument/H609110.text,2019-06-25,2019,6
H609111,2018/19,111,Protokoll 2018/19:111 Torsdagen den 29 augusti,2019-08-29,Protokoll,//data.riksdagen.se/dokument/H609111.html,//data.riksdagen.se/dokument/H609111.text,2019-08-29,2019,8
H609112,2018/19,112,Protokoll 2018/19:112 Torsdagen den 5 september,2019-09-05,Protokoll,//data.riksdagen.se/dokument/H609112.html,//data.riksdagen.se/dokument/H609112.text,2019-09-05,2019,9
H7091,2019/20,1,Protokoll 2019/20:1 Tisdagen den 10 september,2019-09-10,Protokoll,//data.riksdagen.se/dokument/H7091.html,//data.riksdagen.se/dokument/H7091.text,2019-09-10,2019,9
H7092,2019/20,2,Protokoll 2019/20:2 Tisdagen den 10 september,2019-09-10,Protokoll,//data.riksdagen.se/dokument/H7092.html,//data.riksdagen.se/dokument/H7092.text,2019-09-10,2019,9
H7093,2019/20,3,Protokoll 2019/20:3 Torsdagen den 12 september,2019-09-12,Protokoll,//data.riksdagen.se/dokument/H7093.html,//data.riksdagen.se/dokument/H7093.text,2019-09-12,2019,9
H7094,2019/20,4,Protokoll 2019/20:4 Fredagen den 13 september,2019-09-13,Protokoll,//data.riksdagen.se/dokument/H7094.html,//data.riksdagen.se/dokument/H7094.text,2019-09-13,2019,9
H7095,2019/20,5,Protokoll 2019/20:5 Tisdagen den 17 september,2019-09-17,Protokoll,//data.riksdagen.se/dokument/H7095.html,//data.riksdagen.se/dokument/H7095.text,2019-09-17,2019,9
H7096,2019/20,6,Protokoll 2019/20:6 Onsdagen den 18 september,2019-09-18,Protokoll,//data.riksdagen.se/dokument/H7096.html,//data.riksdagen.se/dokument/H7096.text,2019-09-18,2019,9
H7097,2019/20,7,Protokoll 2019/20:7 Torsdagen den 19 september,2019-09-19,Protokoll,//data.riksdagen.se/dokument/H7097.html,//data.riksdagen.se/dokument/H7097.text,2019-09-19,2019,9
H7098,2019/20,8,Protokoll 2019/20:8 Fredagen den 20 september,2019-09-20,Protokoll,//data.riksdagen.se/dokument/H7098.html,//data.riksdagen.se/dokument/H7098.text,2019-09-20,2019,9
H7099,2019/20,9,Protokoll 2019/20:9 Tisdagen den 24 september,2019-09-24,Protokoll,//data.riksdagen.se/dokument/H7099.html,//data.riksdagen.se/dokument/H7099.text,2019-09-24,2019,9
H70910,2019/20,10,Protokoll 2019/20:10 Torsdagen den 26 september,2019-09-26,Protokoll,//data.riksdagen.se/dokument/H70910.html,//data.riksdagen.se/dokument/H70910.text,2019-09-26,2019,9
H70911,2019/20,11,Protokoll 2019/20:11 Fredagen den 27 september,2019-09-27,Protokoll,//data.riksdagen.se/dokument/H70911.html,//data.riksdagen.se/dokument/H70911.text,2019-09-27,2019,9
H70937,2019/20,37,Protokoll 2019/20:37 Fredagen den 22 november,2019-11-22,Protokoll,//data.riksdagen.se/dokument/H70937.html,//data.riksdagen.se/dokument/H70937.text,2019-11-22,2019,11
H70938,2019/20,38,Protokoll 2019/20:38 Tisdagen den 26 november,2019-11-26,Protokoll,//data.riksdagen.se/dokument/H70938.html,//data.riksdagen.se/dokument/H70938.text,2019-11-26,2019,11
H70939,2019/20,39,Protokoll 2019/20:39 Onsdagen den 27 november,2019-11-27,Protokoll,//data.riksdagen.se/dokument/H70939.html,//data.riksdagen.se/dokument/H70939.text,2019-11-27,2019,11
H70940,2019/20,40,Protokoll 2019/20:40 Torsdagen den 28 november,2019-11-28,Protokoll,//data.riksdagen.se/dokument/H70940.html,//data.riksdagen.se/dokument/H70940.text,2019-11-28,2019,11
H70941,2019/20,41,Protokoll 2019/20:41 Fredagen den 29 november,2019-11-29,Protokoll,//data.riksdagen.se/dokument/H70941.html,//data.riksdagen.se/dokument/H70941.text,2019-11-29,2019,11
H70942,2019/20,42,Protokoll 2019/20:42 Måndagen den 2 december,2019-12-02,Protokoll,//data.riksdagen.se/dokument/H70942.html,//data.riksdagen.se/dokument/H70942.text,2019-12-02,2019,12
H70943,2019/20,43,Protokoll 2019/20:43 Tisdagen den 3 december,2019-12-03,Protokoll,//data.riksdagen.se/dokument/H70943.html,//data.riksdagen.se/dokument/H70943.text,2019-12-03,2019,12
H70944,2019/20,44,Protokoll 2019/20:44 Onsdagen den 4 december,2019-12-04,Protokoll,//data.riksdagen.se/dokument/H70944.html,//data.riksdagen.se/dokument/H70944.text,2019-12-04,2019,12
H70945,2019/20,45,Protokoll 2019/20:45 Torsdagen den 5 december,2019-12-05,Protokoll,//data.riksdagen.se/dokument/H70945.html,//data.riksdagen.se/dokument/H70945.text,2019-12-05,2019,12
H70946,2019/20,46,Protokoll 2019/20:46 Fredagen den 6 december,2019-12-06,Protokoll,//data.riksdagen.se/dokument/H70946.html,//data.riksdagen.se/dokument/H70946.text,2019-12-06,2019,12
H70947,2019/20,47,Protokoll 2019/20:47 Måndagen den 9 december,2019-12-09,Protokoll,//data.riksdagen.se/dokument/H70947.html,//data.riksdagen.se/dokument/H70947.text,2019-12-09,2019,12
H70948,2019/20,48,Protokoll 2019/20:48 Tisdagen den 10 december,2019-12-10,Protokoll,//data.riksdagen.se/dokument/H70948.html,//data.riksdagen.se/dokument/H70948.text,2019-12-10,2019,12
H70949,2019/20,49,Protokoll 2019/20:49 Onsdagen den 11 december,2019-12-11,Protokoll,//data.riksdagen.se/dokument/H70949.html,//data.riksdagen.se/dokument/H70949.text,2019-12-11,2019,12
H70950,2019/20,50,Protokoll 2019/20:50 Torsdagen den 12 december,2019-12-12,Protokoll,//data.riksdagen.se/dokument/H70950.html,//data.riksdagen.se/dokument/H70950.text,2019-12-12,2019,12
H70951,2019/20,51,Protokoll 2019/20:51 Fredagen den 13 december,2019-12-13,Protokoll,//data.riksdagen.se/dokument/H70951.html,//data.riksdagen.se/dokument/H70951.text,2019-12-13,2019,12
H70952,2019/20,52,Protokoll 2019/20:52 Måndagen den 16 december,2019-12-16,Protokoll,//data.riksdagen.se/dokument/H70952.html,//data.riksdagen.se/dokument/H70952.text,2019-12-16,2019,12
H70953,2019/20,53,Protokoll 2019/20:53 Tisdagen den 17 december,2019-12-17,Protokoll,//data.riksdagen.se/dokument/H70953.html,//data.riksdagen.se/dokument/H70953.text,2019-12-17,2019,12
H70954,2019/20,54,Protokoll 2019/20:54 Onsdagen den 18 december,2019-12-18,Protokoll,//data.riksdagen.se/dokument/H70954.html,//data.riksdagen.se/dokument/H70954.text,2019-12-18,2019,12
H70955,2019/20,55,Protokoll 2019/20:55 Torsdagen den 19 december,2019-12-19,Protokoll,//data.riksdagen.se/dokument/H70955.html,//data.riksdagen.se/dokument/H70955.text,2019-12-19,2019,12
H70956,2019/20,56,Protokoll 2019/20:56 Fredagen den 20 december,2019-12-20,Protokoll,//data.riksdagen.se/dokument/H70956.html,//data.riksdagen.se/dokument/H70956.text,2019-12-20,2019,12
H70978,2019/20,78,Protokoll 2019/20:78 Torsdagen den 20 februari,2020-02-20,Protokoll,//data.riksdagen.se/dokument/H70978.html,//data.riksdagen.se/dokument/H70978.text,2020-02-20,2020,2
H70979,2019/20,79,Protokoll 2019/20:79 Fredagen den 21 februari,2020-02-21,Protokoll,//data.riksdagen.se/dokument/H70979.html,//data.riksdagen.se/dokument/H70979.text,2020-02-21,2020,2
H70980,2019/20,80,Protokoll 2019/20:80 Tisdagen den 3 mars,2020-03-03,Protokoll,//data.riksdagen.se/dokument/H70980.html,//data.riksdagen.se/dokument/H70980.text,2020-03-03,2020,3
H70981,2019/20,81,Protokoll 2019/20:81 Onsdagen den 4 mars,2020-03-04,Protokoll,//data.riksdagen.se/dokument/H70981.html,//data.riksdagen.se/dokument/H70981.text,2020-03-04,2020,3
H70982,2019/20,82,Protokoll 2019/20:82 Torsdagen den 5 mars,2020-03-05,Protokoll,//data.riksdagen.se/dokument/H70982.html,//data.riksdagen.se/dokument/H70982.text,2020-03-05,2020,3
H70983,2019/20,83,Protokoll 2019/20:83 Fredagen den 6 mars,2020-03-06,Protokoll,//data.riksdagen.se/dokument/H70983.html,//data.riksdagen.se/dokument/H70983.text,2020-03-06,2020,3
H70984,2019/20,84,Protokoll 2019/20:84 Tisdagen den 10 mars,2020-03-10,Protokoll,//data.riksdagen.se/dokument/H70984.html,//data.riksdagen.se/dokument/H70984.text,2020-03-10,2020,3
H70985,2019/20,85,Protokoll 2019/20:85 Onsdagen den 11 mars,2020-03-11,Protokoll,//data.riksdagen.se/dokument/H70985.html,//data.riksdagen.se/dokument/H70985.text,2020-03-11,2020,3
H70986,2019/20,86,Protokoll 2019/20:86 Torsdagen den 12 mars,2020-03-12,Protokoll,//data.riksdagen.se/dokument/H70986.html,//data.riksdagen.se/dokument/H70986.text,2020-03-12,2020,3
H70987,2019/20,87,Protokoll 2019/20:87 Tisdagen den 17 mars,2020-03-17,Protokoll,//data.riksdagen.se/dokument/H70987.html,//data.riksdagen.se/dokument/H70987.text,2020-03-17,2020,3
H70988,2019/20,88,Protokoll 2019/20:88 Onsdagen den 18 mars,2020-03-18,Protokoll,//data.riksdagen.se/dokument/H70988.html,//data.riksdagen.se/dokument/H70988.text,2020-03-18,2020,3
H70990,2019/20,90,Protokoll 2019/20:90 Torsdagen den 19 mars,2020-03-19,Protokoll,//data.riksdagen.se/dokument/H70990.html,//data.riksdagen.se/dokument/H70990.text,2020-03-19,2020,3
H70989,2019/20,89,Protokoll 2019/20:89 Torsdagen den 19 mars,2020-03-19,Protokoll,//data.riksdagen.se/dokument/H70989.html,//data.riksdagen.se/dokument/H70989.text,2020-03-19,2020,3
H70991,2019/20,91,Protokoll 2019/20:91 Fredagen den 20 mars,2020-03-20,Protokoll,//data.riksdagen.se/dokument/H70991.html,//data.riksdagen.se/dokument/H70991.text,2020-03-20,2020,3
H70992,2019/20,92,Protokoll 2019/20:92 Tisdagen den 24 mars,2020-03-24,Protokoll,//data.riksdagen.se/dokument/H70992.html,//data.riksdagen.se/dokument/H70992.text,2020-03-24,2020,3
H70993,2019/20,93,Protokoll 2019/20:93 Onsdagen den 25 mars,2020-03-25,Protokoll,//data.riksdagen.se/dokument/H70993.html,//data.riksdagen.se/dokument/H70993.text,2020-03-25,2020,3
H70994,2019/20,94,Protokoll 2019/20:94 Torsdagen den 26 mars,2020-03-26,Protokoll,//data.riksdagen.se/dokument/H70994.html,//data.riksdagen.se/dokument/H70994.text,2020-03-26,2020,3
H70995,2019/20,95,Protokoll 2019/20:95 Fredagen den 27 mars,2020-03-27,Protokoll,//data.riksdagen.se/dokument/H70995.html,//data.riksdagen.se/dokument/H70995.text,2020-03-27,2020,3
H70996,2019/20,96,Protokoll 2019/20:96 Måndagen den 30 mars,2020-03-30,Protokoll,//data.riksdagen.se/dokument/H70996.html,//data.riksdagen.se/dokument/H70996.text,2020-03-30,2020,3
H70997,2019/20,97,Protokoll 2019/20:97 Tisdagen den 31 mars,2020-03-31,Protokoll,//data.riksdagen.se/dokument/H70997.html,//data.riksdagen.se/dokument/H70997.text,2020-03-31,2020,3
H709126,2019/20,126,Protokoll 2019/20:126 Onsdagen den 27 maj,2020-05-27,Protokoll,//data.riksdagen.se/dokument/H709126.html,//data.riksdagen.se/dokument/H709126.text,2020-05-27,2020,5
H709127,2019/20,127,Protokoll 2019/20:127 Torsdagen den 28 maj,2020-05-28,Protokoll,//data.riksdagen.se/dokument/H709127.html,//data.riksdagen.se/dokument/H709127.text,2020-05-28,2020,5
H709128,2019/20,128,Protokoll 2019/20:128 Fredagen den 29 maj,2020-05-29,Protokoll,//data.riksdagen.se/dokument/H709128.html,//data.riksdagen.se/dokument/H709128.text,2020-05-29,2020,5
H709129,2019/20,129,Protokoll 2019/20:129 Måndagen den 1 juni,2020-06-01,Protokoll,//data.riksdagen.se/dokument/H709129.html,//data.riksdagen.se/dokument/H709129.text,2020-06-01,2020,6
H709130,2019/20,130,Protokoll 2019/20:130 Tisdagen den 2 juni,2020-06-02,Protokoll,//data.riksdagen.se/dokument/H709130.html,//data.riksdagen.se/dokument/H709130.text,2020-06-02,2020,6
H709131,2019/20,131,Protokoll 2019/20:131 Onsdagen den 3 juni,2020-06-03,Protokoll,//data.riksdagen.se/dokument/H709131.html,//data.riksdagen.se/dokument/H709131.text,2020-06-03,2020,6
H709132,2019/20,132,Protokoll 2019/20:132 Torsdagen den 4 juni,2020-06-04,Protokoll,//data.riksdagen.se/dokument/H709132.html,//data.riksdagen.se/dokument/H709132.text,2020-06-04,2020,6
H709133,2019/20,133,Protokoll 2019/20:133 Fredagen den 5 juni,2020-06-05,Protokoll,//data.riksdagen.se/dokument/H709133.html,//data.riksdagen.se/dokument/H709133.text,2020-06-05,2020,6
H709134,2019/20,134,Protokoll 2019/20:134 Måndagen den 8 juni,2020-06-08,Protokoll,//data.riksdagen.se/dokument/H709134.html,//data.riksdagen.se/dokument/H709134.text,2020-06-08,2020,6
H709135,2019/20,135,Protokoll 2019/20:135 Tisdagen den 9 juni,2020-06-09,Protokoll,//data.riksdagen.se/dokument/H709135.html,//data.riksdagen.se/dokument/H709135.text,2020-06-09,2020,6
H709136,2019/20,136,Protokoll 2019/20:136 Onsdagen den 10 juni,2020-06-10,Protokoll,//data.riksdagen.se/dokument/H709136.html,//data.riksdagen.se/dokument/H709136.text,2020-06-10,2020,6
H709137,2019/20,137,Protokoll 2019/20:137 Torsdagen den 11 juni,2020-06-11,Protokoll,//data.riksdagen.se/dokument/H709137.html,//data.riksdagen.se/dokument/H709137.text,2020-06-11,2020,6
H709138,2019/20,138,Protokoll 2019/20:138 Fredagen den 12 juni,2020-06-12,Protokoll,//data.riksdagen.se/dokument/H709138.html,//data.riksdagen.se/dokument/H709138.text,2020-06-12,2020,6
H709139,2019/20,139,Protokoll 2019/20:139 Måndagen den 15 juni,2020-06-15,Protokoll,//data.riksdagen.se/dokument/H709139.html,//data.riksdagen.se/dokument/H709139.text,2020-06-15,2020,6
H709140,2019/20,140,Protokoll 2019/20:140 Tisdagen den 16 juni,2020-06-16,Protokoll,//data.riksdagen.se/dokument/H709140.html,//data.riksdagen.se/dokument/H709140.text,2020-06-16,2020,6
H709141,2019/20,141,Protokoll 2019/20:141 Onsdagen den 17 juni,2020-06-17,Protokoll,//data.riksdagen.se/dokument/H709141.html,//data.riksdagen.se/dokument/H709141.text,2020-06-17,2020,6
H709142,2019/20,142,Protokoll 2019/20:142 Måndagen den 22 juni,2020-06-22,Protokoll,//data.riksdagen.se/dokument/H709142.html,//data.riksdagen.se/dokument/H709142.text,2020-06-22,2020,6
H709143,2019/20,143,Protokoll 2019/20:143 Tisdagen den 23 juni,2020-06-23,Protokoll,//data.riksdagen.se/dokument/H709143.html,//data.riksdagen.se/dokument/H709143.text,2020-06-23,2020,6
H709144,2019/20,144,Protokoll 2019/20:144 Måndagen den 29 juni,2020-06-29,Protokoll,//data.riksdagen.se/dokument/H709144.html,//data.riksdagen.se/dokument/H709144.text,2020-06-29,2020,6
H709145,2019/20,145,Protokoll 2019/20:145 Tisdagen den 30 juni,2020-06-30,Protokoll,//data.riksdagen.se/dokument/H709145.html,//data.riksdagen.se/dokument/H709145.text,2020-06-30,2020,6
H709146,2019/20,146,Protokoll 2019/20:146 Torsdagen den 20 augusti,2020-08-20,Protokoll,//data.riksdagen.se/dokument/H709146.html,//data.riksdagen.se/dokument/H709146.text,2020-08-20,2020,8
H709147,2019/20,147,Protokoll 2019/20:147 Torsdagen den 27 augusti,2020-08-27,Protokoll,//data.riksdagen.se/dokument/H709147.html,//data.riksdagen.se/dokument/H709147.text,2020-08-27,2020,8
H709148,2019/20,148,Protokoll 2019/20:148 Torsdagen den 3 september,2020-09-03,Protokoll,//data.riksdagen.se/dokument/H709148.html,//data.riksdagen.se/dokument/H709148.text,2020-09-03,2020,9
H8091,2020/21,1,Protokoll 2020/21:1 Tisdagen den 8 september,2020-09-08,Protokoll,//data.riksdagen.se/dokument/H8091.html,//data.riksdagen.se/dokument/H8091.text,2020-09-08,2020,9
H8092,2020/21,2,Protokoll 2020/21:2 Tisdagen den 8 september,2020-09-08,Protokoll,//data.riksdagen.se/dokument/H8092.html,//data.riksdagen.se/dokument/H8092.text,2020-09-08,2020,9
H8093,2020/21,3,Protokoll 2020/21:3 Tisdagen den 8 september,2020-09-08,Protokoll,//data.riksdagen.se/dokument/H8093.html,//data.riksdagen.se/dokument/H8093.text,2020-09-08,2020,9
H8094,2020/21,4,Protokoll 2020/21:4 Onsdagen den 9 september,2020-09-09,Protokoll,//data.riksdagen.se/dokument/H8094.html,//data.riksdagen.se/dokument/H8094.text,2020-09-09,2020,9
H8095,2020/21,5,Protokoll 2020/21:5 Torsdagen den 10 september,2020-09-10,Protokoll,//data.riksdagen.se/dokument/H8095.html,//data.riksdagen.se/dokument/H8095.text,2020-09-10,2020,9
H8096,2020/21,6,Protokoll 2020/21:6 Fredagen den 11 september,2020-09-11,Protokoll,//data.riksdagen.se/dokument/H8096.html,//data.riksdagen.se/dokument/H8096.text,2020-09-11,2020,9
H8097,2020/21,7,Protokoll 2020/21:7 Tisdagen den 15 september,2020-09-15,Protokoll,//data.riksdagen.se/dokument/H8097.html,//data.riksdagen.se/dokument/H8097.text,2020-09-15,2020,9
H8098,2020/21,8,Protokoll 2020/21:8 Onsdagen den 16 september,2020-09-16,Protokoll,//data.riksdagen.se/dokument/H8098.html,//data.riksdagen.se/dokument/H8098.text,2020-09-16,2020,9
H8099,2020/21,9,Protokoll 2020/21:9 Torsdagen den 17 september,2020-09-17,Protokoll,//data.riksdagen.se/dokument/H8099.html,//data.riksdagen.se/dokument/H8099.text,2020-09-17,2020,9
H80910,2020/21,10,Protokoll 2020/21:10 Fredagen den 18 september,2020-09-18,Protokoll,//data.riksdagen.se/dokument/H80910.html,//data.riksdagen.se/dokument/H80910.text,2020-09-18,2020,9
H80911,2020/21,11,Protokoll 2020/21:11 Måndagen den 21 september,2020-09-21,Protokoll,//data.riksdagen.se/dokument/H80911.html,//data.riksdagen.se/dokument/H80911.text,2020-09-21,2020,9
H80912,2020/21,12,Protokoll 2020/21:12 Tisdagen den 22 september,2020-09-22,Protokoll,//data.riksdagen.se/dokument/H80912.html,//data.riksdagen.se/dokument/H80912.text,2020-09-22,2020,9
H80913,2020/21,13,Protokoll 2020/21:13 Onsdagen den 23 september,2020-09-23,Protokoll,//data.riksdagen.se/dokument/H80913.html,//data.riksdagen.se/dokument/H80913.text,2020-09-23,2020,9
H80914,2020/21,14,Protokoll 2020/21:14 Torsdagen den 24 september,2020-09-24,Protokoll,//data.riksdagen.se/dokument/H80914.html,//data.riksdagen.se/dokument/H80914.text,2020-09-24,2020,9
H80915,2020/21,15,Protokoll 2020/21:15 Fredagen den 25 september,2020-09-25,Protokoll,//data.riksdagen.se/dokument/H80915.html,//data.riksdagen.se/dokument/H80915.text,2020-09-25,2020,9
H80916,2020/21,16,Protokoll 2020/21:16 Tisdagen den 29 september,2020-09-29,Protokoll,//data.riksdagen.se/dokument/H80916.html,//data.riksdagen.se/dokument/H80916.text,2020-09-29,2020,9
H80917,2020/21,17,Protokoll 2020/21:17 Onsdagen den 30 september,2020-09-30,Protokoll,//data.riksdagen.se/dokument/H80917.html,//data.riksdagen.se/dokument/H80917.text,2020-09-30,2020,9
H80938,2020/21,38,Protokoll 2020/21:38 Torsdagen den 19 november,2020-11-19,Protokoll,//data.riksdagen.se/dokument/H80938.html,//data.riksdagen.se/dokument/H80938.text,2020-11-19,2020,11
H80939,2020/21,39,Protokoll 2020/21:39 Fredagen den 20 november,2020-11-20,Protokoll,//data.riksdagen.se/dokument/H80939.html,//data.riksdagen.se/dokument/H80939.text,2020-11-20,2020,11
H80940,2020/21,40,Protokoll 2020/21:40 Tisdagen den 24 november,2020-11-24,Protokoll,//data.riksdagen.se/dokument/H80940.html,//data.riksdagen.se/dokument/H80940.text,2020-11-24,2020,11
H80941,2020/21,41,Protokoll 2020/21:41 Onsdagen den 25 november,2020-11-25,Protokoll,//data.riksdagen.se/dokument/H80941.html,//data.riksdagen.se/dokument/H80941.text,2020-11-25,2020,11
H80942,2020/21,42,Protokoll 2020/21:42 Torsdagen den 26 november,2020-11-26,Protokoll,//data.riksdagen.se/dokument/H80942.html,//data.riksdagen.se/dokument/H80942.text,2020-11-26,2020,11
H80943,2020/21,43,Protokoll 2020/21:43 Fredagen den 27 november,2020-11-27,Protokoll,//data.riksdagen.se/dokument/H80943.html,//data.riksdagen.se/dokument/H80943.text,2020-11-27,2020,11
H80944,2020/21,44,Protokoll 2020/21:44 Tisdagen den 1 december,2020-12-01,Protokoll,//data.riksdagen.se/dokument/H80944.html,//data.riksdagen.se/dokument/H80944.text,2020-12-01,2020,12
H80945,2020/21,45,Protokoll 2020/21:45 Onsdagen den 2 december,2020-12-02,Protokoll,//data.riksdagen.se/dokument/H80945.html,//data.riksdagen.se/dokument/H80945.text,2020-12-02,2020,12
H80946,2020/21,46,Protokoll 2020/21:46 Torsdagen den 3 december,2020-12-03,Protokoll,//data.riksdagen.se/dokument/H80946.html,//data.riksdagen.se/dokument/H80946.text,2020-12-03,2020,12
H80947,2020/21,47,Protokoll 2020/21:47 Fredagen den 4 december,2020-12-04,Protokoll,//data.riksdagen.se/dokument/H80947.html,//data.riksdagen.se/dokument/H80947.text,2020-12-04,2020,12
H80948,2020/21,48,Protokoll 2020/21:48 Måndagen den 7 december,2020-12-07,Protokoll,//data.riksdagen.se/dokument/H80948.html,//data.riksdagen.se/dokument/H80948.text,2020-12-07,2020,12
H80949,2020/21,49,Protokoll 2020/21:49 Tisdagen den 8 december,2020-12-08,Protokoll,//data.riksdagen.se/dokument/H80949.html,//data.riksdagen.se/dokument/H80949.text,2020-12-08,2020,12
H80950,2020/21,50,Protokoll 2020/21:50 Onsdagen den 9 december,2020-12-09,Protokoll,//data.riksdagen.se/dokument/H80950.html,//data.riksdagen.se/dokument/H80950.text,2020-12-09,2020,12
H80951,2020/21,51,Protokoll 2020/21:51 Torsdagen den 10 december,2020-12-10,Protokoll,//data.riksdagen.se/dokument/H80951.html,//data.riksdagen.se/dokument/H80951.text,2020-12-10,2020,12
H80952,2020/21,52,Protokoll 2020/21:52 Fredagen den 11 december,2020-12-11,Protokoll,//data.riksdagen.se/dokument/H80952.html,//data.riksdagen.se/dokument/H80952.text,2020-12-11,2020,12
H80953,2020/21,53,Protokoll 2020/21:53 Måndagen den 14 december,2020-12-14,Protokoll,//data.riksdagen.se/dokument/H80953.html,//data.riksdagen.se/dokument/H80953.text,2020-12-14,2020,12
H80954,2020/21,54,Protokoll 2020/21:54 Tisdagen den 15 december,2020-12-15,Protokoll,//data.riksdagen.se/dokument/H80954.html,//data.riksdagen.se/dokument/H80954.text,2020-12-15,2020,12
H80955,2020/21,55,Protokoll 2020/21:55 Onsdagen den 16 december,2020-12-16,Protokoll,//data.riksdagen.se/dokument/H80955.html,//data.riksdagen.se/dokument/H80955.text,2020-12-16,2020,12
H80956,2020/21,56,Protokoll 2020/21:56 Torsdagen den 17 december,2020-12-17,Protokoll,//data.riksdagen.se/dokument/H80956.html,//data.riksdagen.se/dokument/H80956.text,2020-12-17,2020,12
H80957,2020/21,57,Protokoll 2020/21:57 Fredagen den 18 december,2020-12-18,Protokoll,//data.riksdagen.se/dokument/H80957.html,//data.riksdagen.se/dokument/H80957.text,2020-12-18,2020,12
H80982,2020/21,82,Protokoll 2020/21:82 Tisdagen den 23 februari,2021-02-23,Protokoll,//data.riksdagen.se/dokument/H80982.html,//data.riksdagen.se/dokument/H80982.text,2021-02-23,2021,2
H80983,2020/21,83,Protokoll 2020/21:83 Onsdagen den 24 februari,2021-02-24,Protokoll,//data.riksdagen.se/dokument/H80983.html,//data.riksdagen.se/dokument/H80983.text,2021-02-24,2021,2
H80984,2020/21,84,Protokoll 2020/21:84 Torsdagen den 25 februari,2021-02-25,Protokoll,//data.riksdagen.se/dokument/H80984.html,//data.riksdagen.se/dokument/H80984.text,2021-02-25,2021,2
H80985,2020/21,85,Protokoll 2020/21:85 Fredagen den 26 februari,2021-02-26,Protokoll,//data.riksdagen.se/dokument/H80985.html,//data.riksdagen.se/dokument/H80985.text,2021-02-26,2021,2
H80986,2020/21,86,Protokoll 2020/21:86 Tisdagen den 2 mars,2021-03-02,Protokoll,//data.riksdagen.se/dokument/H80986.html,//data.riksdagen.se/dokument/H80986.text,2021-03-02,2021,3
H80987,2020/21,87,Protokoll 2020/21:87 Onsdagen den 3 mars,2021-03-03,Protokoll,//data.riksdagen.se/dokument/H80987.html,//data.riksdagen.se/dokument/H80987.text,2021-03-03,2021,3
H80988,2020/21,88,Protokoll 2020/21:88 Torsdagen den 4 mars,2021-03-04,Protokoll,//data.riksdagen.se/dokument/H80988.html,//data.riksdagen.se/dokument/H80988.text,2021-03-04,2021,3
H80989,2020/21,89,Protokoll 2020/21:89 Fredagen den 5 mars,2021-03-05,Protokoll,//data.riksdagen.se/dokument/H80989.html,//data.riksdagen.se/dokument/H80989.text,2021-03-05,2021,3
H80990,2020/21,90,Protokoll 2020/21:90 Tisdagen den 9 mars,2021-03-09,Protokoll,//data.riksdagen.se/dokument/H80990.html,//data.riksdagen.se/dokument/H80990.text,2021-03-09,2021,3
H80991,2020/21,91,Protokoll 2020/21:91 Onsdagen den 10 mars,2021-03-10,Protokoll,//data.riksdagen.se/dokument/H80991.html,//data.riksdagen.se/dokument/H80991.text,2021-03-10,2021,3
H80992,2020/21,92,Protokoll 2020/21:92 Torsdagen den 11 mars,2021-03-11,Protokoll,//data.riksdagen.se/dokument/H80992.html,//data.riksdagen.se/dokument/H80992.text,2021-03-11,2021,3
H80993,2020/21,93,Protokoll 2020/21:93 Fredagen den 12 mars,2021-03-12,Protokoll,//data.riksdagen.se/dokument/H80993.html,//data.riksdagen.se/dokument/H80993.text,2021-03-12,2021,3
H80994,2020/21,94,Protokoll 2020/21:94 Tisdagen den 16 mars,2021-03-16,Protokoll,//data.riksdagen.se/dokument/H80994.html,//data.riksdagen.se/dokument/H80994.text,2021-03-16,2021,3
H80995,2020/21,95,Protokoll 2020/21:95 Onsdagen den 17 mars,2021-03-17,Protokoll,//data.riksdagen.se/dokument/H80995.html,//data.riksdagen.se/dokument/H80995.text,2021-03-17,2021,3
H80996,2020/21,96,Protokoll 2020/21:96 Torsdagen den 18 mars,2021-03-18,Protokoll,//data.riksdagen.se/dokument/H80996.html,//data.riksdagen.se/dokument/H80996.text,2021-03-18,2021,3
H80997,2020/21,97,Protokoll 2020/21:97 Fredagen den 19 mars,2021-03-19,Protokoll,//data.riksdagen.se/dokument/H80997.html,//data.riksdagen.se/dokument/H80997.text,2021-03-19,2021,3
H80998,2020/21,98,Protokoll 2020/21:98 Tisdagen den 23 mars,2021-03-23,Protokoll,//data.riksdagen.se/dokument/H80998.html,//data.riksdagen.se/dokument/H80998.text,2021-03-23,2021,3
H80999,2020/21,99,Protokoll 2020/21:99 Onsdagen den 24 mars,2021-03-24,Protokoll,//data.riksdagen.se/dokument/H80999.html,//data.riksdagen.se/dokument/H80999.text,2021-03-24,2021,3
H809100,2020/21,100,Protokoll 2020/21:100 Torsdagen den 25 mars,2021-03-25,Protokoll,//data.riksdagen.se/dokument/H809100.html,//data.riksdagen.se/dokument/H809100.text,2021-03-25,2021,3
H809101,2020/21,101,Protokoll 2020/21:101 Fredagen den 26 mars,2021-03-26,Protokoll,//data.riksdagen.se/dokument/H809101.html,//data.riksdagen.se/dokument/H809101.text,2021-03-26,2021,3
H809130,2020/21,130,Protokoll 2020/21:130 Måndagen den 31 maj,2021-05-31,Protokoll,//data.riksdagen.se/dokument/H809130.html,//data.riksdagen.se/dokument/H809130.text,2021-05-31,2021,5
H809131,2020/21,131,Protokoll 2020/21:131 Tisdagen den 1 juni,2021-06-01,Protokoll,//data.riksdagen.se/dokument/H809131.html,//data.riksdagen.se/dokument/H809131.text,2021-06-01,2021,6
H809132,2020/21,132,Protokoll 2020/21:132 Onsdagen den 2 juni,2021-06-02,Protokoll,//data.riksdagen.se/dokument/H809132.html,//data.riksdagen.se/dokument/H809132.text,2021-06-02,2021,6
H809133,2020/21,133,Protokoll 2020/21:133 Torsdagen den 3 juni,2021-06-03,Protokoll,//data.riksdagen.se/dokument/H809133.html,//data.riksdagen.se/dokument/H809133.text,2021-06-03,2021,6
H809134,2020/21,134,Protokoll 2020/21:134 Fredagen den 4 juni,2021-06-04,Protokoll,//data.riksdagen.se/dokument/H809134.html,//data.riksdagen.se/dokument/H809134.text,2021-06-04,2021,6
H809135,2020/21,135,Protokoll 2020/21:135 Måndagen den 7 juni,2021-06-07,Protokoll,//data.riksdagen.se/dokument/H809135.html,//data.riksdagen.se/dokument/H809135.text,2021-06-07,2021,6
H809136,2020/21,136,Protokoll 2020/21:136 Tisdagen den 8 juni,2021-06-08,Protokoll,//data.riksdagen.se/dokument/H809136.html,//data.riksdagen.se/dokument/H809136.text,2021-06-08,2021,6
H809137,2020/21,137,Protokoll 2020/21:137 Onsdagen den 9 juni,2021-06-09,Protokoll,//data.riksdagen.se/dokument/H809137.html,//data.riksdagen.se/dokument/H809137.text,2021-06-09,2021,6
H809138,2020/21,138,Protokoll 2020/21:138 Torsdagen den 10 juni,2021-06-10,Protokoll,//data.riksdagen.se/dokument/H809138.html,//data.riksdagen.se/dokument/H809138.text,2021-06-10,2021,6
H809139,2020/21,139,Protokoll 2020/21:139 Fredagen den 11 juni,2021-06-11,Protokoll,//data.riksdagen.se/dokument/H809139.html,//data.riksdagen.se/dokument/H809139.text,2021-06-11,2021,6
H809140,2020/21,140,Protokoll 2020/21:140 Måndagen den 14 juni,2021-06-14,Protokoll,//data.riksdagen.se/dokument/H809140.html,//data.riksdagen.se/dokument/H809140.text,2021-06-14,2021,6
H809141,2020/21,141,Protokoll 2020/21:141 Tisdagen den 15 juni,2021-06-15,Protokoll,//data.riksdagen.se/dokument/H809141.html,//data.riksdagen.se/dokument/H809141.text,2021-06-15,2021,6
H809142,2020/21,142,Protokoll 2020/21:142 Onsdagen den 16 juni,2021-06-16,Protokoll,//data.riksdagen.se/dokument/H809142.html,//data.riksdagen.se/dokument/H809142.text,2021-06-16,2021,6
H809143,2020/21,143,Protokoll 2020/21:143 Torsdagen den 17 juni,2021-06-17,Protokoll,//data.riksdagen.se/dokument/H809143.html,//data.riksdagen.se/dokument/H809143.text,2021-06-17,2021,6
H809144,2020/21,144,Protokoll 2020/21:144 Fredagen den 18 juni,2021-06-18,Protokoll,//data.riksdagen.se/dokument/H809144.html,//data.riksdagen.se/dokument/H809144.text,2021-06-18,2021,6
H809145,2020/21,145,Protokoll 2020/21:145 Måndagen den 21 juni,2021-06-21,Protokoll,//data.riksdagen.se/dokument/H809145.html,//data.riksdagen.se/dokument/H809145.text,2021-06-21,2021,6
H809146,2020/21,146,Protokoll 2020/21:146 Tisdagen den 22 juni,2021-06-22,Protokoll,//data.riksdagen.se/dokument/H809146.html,//data.riksdagen.se/dokument/H809146.text,2021-06-22,2021,6
H809147,2020/21,147,Protokoll 2020/21:147 Onsdagen den 23 juni,2021-06-23,Protokoll,//data.riksdagen.se/dokument/H809147.html,//data.riksdagen.se/dokument/H809147.text,2021-06-23,2021,6
H809148,2020/21,148,Protokoll 2020/21:148 Måndagen den 28 juni,2021-06-28,Protokoll,//data.riksdagen.se/dokument/H809148.html,//data.riksdagen.se/dokument/H809148.text,2021-06-28,2021,6
H809149,2020/21,149,Protokoll 2020/21:149 Tisdagen den 29 juni,2021-06-29,Protokoll,//data.riksdagen.se/dokument/H809149.html,//data.riksdagen.se/dokument/H809149.text,2021-06-29,2021,6
H809152,2020/21,152,Protokoll 2020/21:152 Onsdagen den 7 juli,2021-07-07,Protokoll,//data.riksdagen.se/dokument/H809152.html,//data.riksdagen.se/dokument/H809152.text,2021-07-07,2021,7
H809153,2020/21,153,Protokoll 2020/21:153 Fredagen den 9 juli,2021-07-09,Protokoll,//data.riksdagen.se/dokument/H809153.html,//data.riksdagen.se/dokument/H809153.text,2021-07-09,2021,7
H809154,2020/21,154,Protokoll 2020/21:154 Tisdagen den 17 augusti,2021-08-17,Protokoll,//data.riksdagen.se/dokument/H809154.html,//data.riksdagen.se/dokument/H809154.text,2021-08-17,2021,8
H809155,2020/21,155,Protokoll 2020/21:155 Torsdagen den 2 september,2021-09-02,Protokoll,//data.riksdagen.se/dokument/H809155.html,//data.riksdagen.se/dokument/H809155.text,2021-09-02,2021,9
H809156,2020/21,156,Protokoll 2020/21:156 Onsdagen den 8 september,2021-09-08,Protokoll,//data.riksdagen.se/dokument/H809156.html,//data.riksdagen.se/dokument/H809156.text,2021-09-08,2021,9
H809157,2020/21,157,Protokoll 2020/21:157 Torsdagen den 9 september,2021-09-09,Protokoll,//data.riksdagen.se/dokument/H809157.html,//data.riksdagen.se/dokument/H809157.text,2021-09-09,2021,9
H809158,2020/21,158,Protokoll 2020/21:158 Måndagen den 13 september,2021-09-13,Protokoll,//data.riksdagen.se/dokument/H809158.html,//data.riksdagen.se/dokument/H809158.text,2021-09-13,2021,9
H9092,2021/22,2,Protokoll 2021/22:2 Tisdagen den 14 september,2021-09-14,Protokoll,//data.riksdagen.se/dokument/H9092.html,//data.riksdagen.se/dokument/H9092.text,2021-09-14,2021,9
H9091,2021/22,1,Protokoll 2021/22:1 Tisdagen den 14 september,2021-09-14,Protokoll,//data.riksdagen.se/dokument/H9091.html,//data.riksdagen.se/dokument/H9091.text,2021-09-14,2021,9
H9093,2021/22,3,Protokoll 2021/22:3 Onsdagen den 15 september,2021-09-15,Protokoll,//data.riksdagen.se/dokument/H9093.html,//data.riksdagen.se/dokument/H9093.text,2021-09-15,2021,9
H9094,2021/22,4,Protokoll 2021/22:4 Torsdagen den 16 september,2021-09-16,Protokoll,//data.riksdagen.se/dokument/H9094.html,//data.riksdagen.se/dokument/H9094.text,2021-09-16,2021,9
H9095,2021/22,5,Protokoll 2021/22:5 Fredagen den 17 september,2021-09-17,Protokoll,//data.riksdagen.se/dokument/H9095.html,//data.riksdagen.se/dokument/H9095.text,2021-09-17,2021,9
H9096,2021/22,6,Protokoll 2021/22:6 Måndagen den 20 september,2021-09-20,Protokoll,//data.riksdagen.se/dokument/H9096.html,//data.riksdagen.se/dokument/H9096.text,2021-09-20,2021,9
H9097,2021/22,7,Protokoll 2021/22:7 Tisdagen den 21 september,2021-09-21,Protokoll,//data.riksdagen.se/dokument/H9097.html,//data.riksdagen.se/dokument/H9097.text,2021-09-21,2021,9
H9098,2021/22,8,Protokoll 2021/22:8 Onsdagen den 22 september,2021-09-22,Protokoll,//data.riksdagen.se/dokument/H9098.html,//data.riksdagen.se/dokument/H9098.text,2021-09-22,2021,9
H9099,2021/22,9,Protokoll 2021/22:9 Torsdagen den 23 september,2021-09-23,Protokoll,//data.riksdagen.se/dokument/H9099.html,//data.riksdagen.se/dokument/H9099.text,2021-09-23,2021,9
H90910,2021/22,10,Protokoll 2021/22:10 Fredagen den 24 september,2021-09-24,Protokoll,//data.riksdagen.se/dokument/H90910.html,//data.riksdagen.se/dokument/H90910.text,2021-09-24,2021,9
H90911,2021/22,11,Protokoll 2021/22:11 Tisdagen den 28 september,2021-09-28,Protokoll,//data.riksdagen.se/dokument/H90911.html,//data.riksdagen.se/dokument/H90911.text,2021-09-28,2021,9
H90912,2021/22,12,Protokoll 2021/22:12 Onsdagen den 29 september,2021-09-29,Protokoll,//data.riksdagen.se/dokument/H90912.html,//data.riksdagen.se/dokument/H90912.text,2021-09-29,2021,9
H90913,2021/22,13,Protokoll 2021/22:13 Torsdagen den 30 september,2021-09-30,Protokoll,//data.riksdagen.se/dokument/H90913.html,//data.riksdagen.se/dokument/H90913.text,2021-09-30,2021,9
H90930,2021/22,30,Protokoll 2021/22:30 Torsdagen den 18 november,2021-11-18,Protokoll,//data.riksdagen.se/dokument/H90930.html,//data.riksdagen.se/dokument/H90930.text,2021-11-18,2021,11
H90931,2021/22,31,Protokoll 2021/22:31 Måndagen den 22 november,2021-11-22,Protokoll,//data.riksdagen.se/dokument/H90931.html,//data.riksdagen.se/dokument/H90931.text,2021-11-22,2021,11
H90932,2021/22,32,Protokoll 2021/22:32 Tisdagen den 23 november,2021-11-23,Protokoll,//data.riksdagen.se/dokument/H90932.html,//data.riksdagen.se/dokument/H90932.text,2021-11-23,2021,11
H90933,2021/22,33,Protokoll 2021/22:33 Onsdagen den 24 november,2021-11-24,Protokoll,//data.riksdagen.se/dokument/H90933.html,//data.riksdagen.se/dokument/H90933.text,2021-11-24,2021,11
H90934,2021/22,34,Protokoll 2021/22:34 Torsdagen den 25 november,2021-11-25,Protokoll,//data.riksdagen.se/dokument/H90934.html,//data.riksdagen.se/dokument/H90934.text,2021-11-25,2021,11
H90935,2021/22,35,Protokoll 2021/22:35 Fredagen den 26 november,2021-11-26,Protokoll,//data.riksdagen.se/dokument/H90935.html,//data.riksdagen.se/dokument/H90935.text,2021-11-26,2021,11
H90936,2021/22,36,Protokoll 2021/22:36 Måndagen den 29 november,2021-11-29,Protokoll,//data.riksdagen.se/dokument/H90936.html,//data.riksdagen.se/dokument/H90936.text,2021-11-29,2021,11
H90937,2021/22,37,Protokoll 2021/22:37 Tisdagen den 30 november,2021-11-30,Protokoll,//data.riksdagen.se/dokument/H90937.html,//data.riksdagen.se/dokument/H90937.text,2021-11-30,2021,11
H90938,2021/22,38,Protokoll 2021/22:38 Onsdagen den 1 december,2021-12-01,Protokoll,//data.riksdagen.se/dokument/H90938.html,//data.riksdagen.se/dokument/H90938.text,2021-12-01,2021,12
H90939,2021/22,39,Protokoll 2021/22:39 Torsdagen den 2 december,2021-12-02,Protokoll,//data.riksdagen.se/dokument/H90939.html,//data.riksdagen.se/dokument/H90939.text,2021-12-02,2021,12
H90940,2021/22,40,Protokoll 2021/22:40 Tisdagen den 7 december,2021-12-07,Protokoll,//data.riksdagen.se/dokument/H90940.html,//data.riksdagen.se/dokument/H90940.text,2021-12-07,2021,12
H90941,2021/22,41,Protokoll 2021/22:41 Onsdagen den 8 december,2021-12-08,Protokoll,//data.riksdagen.se/dokument/H90941.html,//data.riksdagen.se/dokument/H90941.text,2021-12-08,2021,12
H90942,2021/22,42,Protokoll 2021/22:42 Torsdagen den 9 december,2021-12-09,Protokoll,//data.riksdagen.se/dokument/H90942.html,//data.riksdagen.se/dokument/H90942.text,2021-12-09,2021,12
H90943,2021/22,43,Protokoll 2021/22:43 Fredagen den 10 december,2021-12-10,Protokoll,//data.riksdagen.se/dokument/H90943.html,//data.riksdagen.se/dokument/H90943.text,2021-12-10,2021,12
H90944,2021/22,44,Protokoll 2021/22:44 Måndagen den 13 december,2021-12-13,Protokoll,//data.riksdagen.se/dokument/H90944.html,//data.riksdagen.se/dokument/H90944.text,2021-12-13,2021,12
H90945,2021/22,45,Protokoll 2021/22:45 Tisdagen den 14 december,2021-12-14,Protokoll,//data.riksdagen.se/dokument/H90945.html,//data.riksdagen.se/dokument/H90945.text,2021-12-14,2021,12
H90946,2021/22,46,Protokoll 2021/22:46 Onsdagen den 15 december,2021-12-15,Protokoll,//data.riksdagen.se/dokument/H90946.html,//data.riksdagen.se/dokument/H90946.text,2021-12-15,2021,12
H90947,2021/22,47,Protokoll 2021/22:47 Torsdagen den 16 december,2021-12-16,Protokoll,//data.riksdagen.se/dokument/H90947.html,//data.riksdagen.se/dokument/H90947.text,2021-12-16,2021,12
H90948,2021/22,48,Protokoll 2021/22:48 Fredagen den 17 december,2021-12-17,Protokoll,//data.riksdagen.se/dokument/H90948.html,//data.riksdagen.se/dokument/H90948.text,2021-12-17,2021,12
H90949,2021/22,49,Protokoll 2021/22:49 Måndagen den 20 december,2021-12-20,Protokoll,//data.riksdagen.se/dokument/H90949.html,//data.riksdagen.se/dokument/H90949.text,2021-12-20,2021,12
H90972,2021/22,72,Protokoll 2021/22:72 Torsdagen den 24 februari,2022-02-24,Protokoll,//data.riksdagen.se/dokument/H90972.html,//data.riksdagen.se/dokument/H90972.text,2022-02-24,2022,2
H90973,2021/22,73,Protokoll 2021/22:73 Fredagen den 25 februari,2022-02-25,Protokoll,//data.riksdagen.se/dokument/H90973.html,//data.riksdagen.se/dokument/H90973.text,2022-02-25,2022,2
H90974,2021/22,74,Protokoll 2021/22:74 Måndagen den 28 februari,2022-02-28,Protokoll,//data.riksdagen.se/dokument/H90974.html,//data.riksdagen.se/dokument/H90974.text,2022-02-28,2022,2
H90975,2021/22,75,Protokoll 2021/22:75 Måndagen den 28 februari,2022-02-28,Protokoll,//data.riksdagen.se/dokument/H90975.html,//data.riksdagen.se/dokument/H90975.text,2022-02-28,2022,2
H90976,2021/22,76,Protokoll 2021/22:76 Tisdagen den 1 mars,2022-03-01,Protokoll,//data.riksdagen.se/dokument/H90976.html,//data.riksdagen.se/dokument/H90976.text,2022-03-01,2022,3
H90977,2021/22,77,Protokoll 2021/22:77 Onsdagen den 2 mars,2022-03-02,Protokoll,//data.riksdagen.se/dokument/H90977.html,//data.riksdagen.se/dokument/H90977.text,2022-03-02,2022,3
H90978,2021/22,78,Protokoll 2021/22:78 Torsdagen den 3 mars,2022-03-03,Protokoll,//data.riksdagen.se/dokument/H90978.html,//data.riksdagen.se/dokument/H90978.text,2022-03-03,2022,3
H90979,2021/22,79,Protokoll 2021/22:79 Fredagen den 4 mars,2022-03-04,Protokoll,//data.riksdagen.se/dokument/H90979.html,//data.riksdagen.se/dokument/H90979.text,2022-03-04,2022,3
H90980,2021/22,80,Protokoll 2021/22:80 Måndagen den 14 mars,2022-03-14,Protokoll,//data.riksdagen.se/dokument/H90980.html,//data.riksdagen.se/dokument/H90980.text,2022-03-14,2022,3
H90981,2021/22,81,Protokoll 2021/22:81 Tisdagen den 15 mars,2022-03-15,Protokoll,//data.riksdagen.se/dokument/H90981.html,//data.riksdagen.se/dokument/H90981.text,2022-03-15,2022,3
H90982,2021/22,82,Protokoll 2021/22:82 Onsdagen den 16 mars,2022-03-16,Protokoll,//data.riksdagen.se/dokument/H90982.html,//data.riksdagen.se/dokument/H90982.text,2022-03-16,2022,3
H90983,2021/22,83,Protokoll 2021/22:83 Torsdagen den 17 mars,2022-03-17,Protokoll,//data.riksdagen.se/dokument/H90983.html,//data.riksdagen.se/dokument/H90983.text,2022-03-17,2022,3
H90984,2021/22,84,Protokoll 2021/22:84 Fredagen den 18 mars,2022-03-18,Protokoll,//data.riksdagen.se/dokument/H90984.html,//data.riksdagen.se/dokument/H90984.text,2022-03-18,2022,3
H90985,2021/22,85,Protokoll 2021/22:85 Tisdagen den 22 mars,2022-03-22,Protokoll,//data.riksdagen.se/dokument/H90985.html,//data.riksdagen.se/dokument/H90985.text,2022-03-22,2022,3
H90986,2021/22,86,Protokoll 2021/22:86 Onsdagen den 23 mars,2022-03-23,Protokoll,//data.riksdagen.se/dokument/H90986.html,//data.riksdagen.se/dokument/H90986.text,2022-03-23,2022,3
H90987,2021/22,87,Protokoll 2021/22:87 Torsdagen den 24 mars,2022-03-24,Protokoll,//data.riksdagen.se/dokument/H90987.html,//data.riksdagen.se/dokument/H90987.text,2022-03-24,2022,3
H90988,2021/22,88,Protokoll 2021/22:88 Fredagen den 25 mars,2022-03-25,Protokoll,//data.riksdagen.se/dokument/H90988.html,//data.riksdagen.se/dokument/H90988.text,2022-03-25,2022,3
H90989,2021/22,89,Protokoll 2021/22:89 Tisdagen den 29 mars,2022-03-29,Protokoll,//data.riksdagen.se/dokument/H90989.html,//data.riksdagen.se/dokument/H90989.text,2022-03-29,2022,3
H90990,2021/22,90,Protokoll 2021/22:90 Onsdagen den 30 mars,2022-03-30,Protokoll,//data.riksdagen.se/dokument/H90990.html,//data.riksdagen.se/dokument/H90990.text,2022-03-30,2022,3
H90991,2021/22,91,Protokoll 2021/22:91 Torsdagen den 31 mars,2022-03-31,Protokoll,//data.riksdagen.se/dokument/H90991.html,//data.riksdagen.se/dokument/H90991.text,2022-03-31,2022,3
H909120,2021/22,120,Protokoll 2021/22:120 Måndagen den 30 maj,2022-05-30,Protokoll,//data.riksdagen.se/dokument/H909120.html,//data.riksdagen.se/dokument/H909120.text,2022-05-30,2022,5
H909121,2021/22,121,Protokoll 2021/22:121 Tisdagen den 31 maj,2022-05-31,Protokoll,//data.riksdagen.se/dokument/H909121.html,//data.riksdagen.se/dokument/H909121.text,2022-05-31,2022,5
H909122,2021/22,122,Protokoll 2021/22:122 Onsdagen den 1 juni,2022-06-01,Protokoll,//data.riksdagen.se/dokument/H909122.html,//data.riksdagen.se/dokument/H909122.text,2022-06-01,2022,6
H909123,2021/22,123,Protokoll 2021/22:123 Torsdagen den 2 juni,2022-06-02,Protokoll,//data.riksdagen.se/dokument/H909123.html,//data.riksdagen.se/dokument/H909123.text,2022-06-02,2022,6
H909124,2021/22,124,Protokoll 2021/22:124 Fredagen den 3 juni,2022-06-03,Protokoll,//data.riksdagen.se/dokument/H909124.html,//data.riksdagen.se/dokument/H909124.text,2022-06-03,2022,6
H909125,2021/22,125,Protokoll 2021/22:125 Tisdagen den 7 juni,2022-06-07,Protokoll,//data.riksdagen.se/dokument/H909125.html,//data.riksdagen.se/dokument/H909125.text,2022-06-07,2022,6
H909126,2021/22,126,Protokoll 2021/22:126 Onsdagen den 8 juni,2022-06-08,Protokoll,//data.riksdagen.se/dokument/H909126.html,//data.riksdagen.se/dokument/H909126.text,2022-06-08,2022,6
H909127,2021/22,127,Protokoll 2021/22:127 Torsdagen den 9 juni,2022-06-09,Protokoll,//data.riksdagen.se/dokument/H909127.html,//data.riksdagen.se/dokument/H909127.text,2022-06-09,2022,6
H909128,2021/22,128,Protokoll 2021/22:128 Fredagen den 10 juni,2022-06-10,Protokoll,//data.riksdagen.se/dokument/H909128.html,//data.riksdagen.se/dokument/H909128.text,2022-06-10,2022,6
H909129,2021/22,129,Protokoll 2021/22:129 Måndagen den 13 juni,2022-06-13,Protokoll,//data.riksdagen.se/dokument/H909129.html,//data.riksdagen.se/dokument/H909129.text,2022-06-13,2022,6
H909130,2021/22,130,Protokoll 2021/22:130 Tisdagen den 14 juni,2022-06-14,Protokoll,//data.riksdagen.se/dokument/H909130.html,//data.riksdagen.se/dokument/H909130.text,2022-06-14,2022,6
H909131,2021/22,131,Protokoll 2021/22:131 Onsdagen den 15 juni,2022-06-15,Protokoll,//data.riksdagen.se/dokument/H909131.html,//data.riksdagen.se/dokument/H909131.text,2022-06-15,2022,6
H909132,2021/22,132,Protokoll 2021/22:132 Torsdagen den 16 juni,2022-06-16,Protokoll,//data.riksdagen.se/dokument/H909132.html,//data.riksdagen.se/dokument/H909132.text,2022-06-16,2022,6
H909133,2021/22,133,Protokoll 2021/22:133 Fredagen den 17 juni,2022-06-17,Protokoll,//data.riksdagen.se/dokument/H909133.html,//data.riksdagen.se/dokument/H909133.text,2022-06-17,2022,6
H909134,2021/22,134,Protokoll 2021/22:134 Måndagen den 20 juni,2022-06-20,Protokoll,//data.riksdagen.se/dokument/H909134.html,//data.riksdagen.se/dokument/H909134.text,2022-06-20,2022,6
H909135,2021/22,135,Protokoll 2021/22:135 Tisdagen den 21 juni,2022-06-21,Protokoll,//data.riksdagen.se/dokument/H909135.html,//data.riksdagen.se/dokument/H909135.text,2022-06-21,2022,6
H909136,2021/22,136,Protokoll 2021/22:136 Onsdagen den 22 juni,2022-06-22,Protokoll,//data.riksdagen.se/dokument/H909136.html,//data.riksdagen.se/dokument/H909136.text,2022-06-22,2022,6
H909137,2021/22,137,Protokoll 2021/22:137 Måndagen den 27 juni,2022-06-27,Protokoll,//data.riksdagen.se/dokument/H909137.html,//data.riksdagen.se/dokument/H909137.text,2022-06-27,2022,6
H909138,2021/22,138,Protokoll 2021/22:138 Tisdagen den 28 juni,2022-06-28,Protokoll,//data.riksdagen.se/dokument/H909138.html,//data.riksdagen.se/dokument/H909138.text,2022-06-28,2022,6
H909139,2021/22,139,Protokoll 2021/22:139 Onsdagen den 29 juni,2022-06-29,Protokoll,//data.riksdagen.se/dokument/H909139.html,//data.riksdagen.se/dokument/H909139.text,2022-06-29,2022,6
H909140,2021/22,140,Protokoll 2021/22:140 Måndagen den 5 september,2022-09-05,Protokoll,//data.riksdagen.se/dokument/H909140.html,//data.riksdagen.se/dokument/H909140.text,2022-09-05,2022,9
H909141,2021/22,141,Protokoll 2021/22:141 Måndagen den 5 september,2022-09-05,Protokoll,//data.riksdagen.se/dokument/H909141.html,//data.riksdagen.se/dokument/H909141.text,2022-09-05,2022,9
H909142,2021/22,142,Protokoll 2021/22:142 Onsdagen den 21 september,2022-09-21,Protokoll,//data.riksdagen.se/dokument/H909142.html,//data.riksdagen.se/dokument/H909142.text,2022-09-21,2022,9
HA091,2022/23,1,Protokoll 2022/23:1 Måndagen den 26 september,2022-09-26,Protokoll,//data.riksdagen.se/dokument/HA091.html,//data.riksdagen.se/dokument/HA091.text,2022-09-26,2022,9
HA092,2022/23,2,Protokoll 2022/23:2 Tisdagen den 27 september,2022-09-27,Protokoll,//data.riksdagen.se/dokument/HA092.html,//data.riksdagen.se/dokument/HA092.text,2022-09-27,2022,9
HA093,2022/23,3,Protokoll 2022/23:3 Onsdagen den 28 september,2022-09-28,Protokoll,//data.riksdagen.se/dokument/HA093.html,//data.riksdagen.se/dokument/HA093.text,2022-09-28,2022,9
HA0925,2022/23,25,Protokoll 2022/23:25 Onsdagen den 23 november,2022-11-23,Protokoll,//data.riksdagen.se/dokument/HA0925.html,//data.riksdagen.se/dokument/HA0925.text,2022-11-23,2022,11
HA0926,2022/23,26,Protokoll 2022/23:26 Torsdagen den 24 november,2022-11-24,Protokoll,//data.riksdagen.se/dokument/HA0926.html,//data.riksdagen.se/dokument/HA0926.text,2022-11-24,2022,11
HA0927,2022/23,27,Protokoll 2022/23:27 Tisdagen den 29 november,2022-11-29,Protokoll,//data.riksdagen.se/dokument/HA0927.html,//data.riksdagen.se/dokument/HA0927.text,2022-11-29,2022,11
HA0928,2022/23,28,Protokoll 2022/23:28 Onsdagen den 30 november,2022-11-30,Protokoll,//data.riksdagen.se/dokument/HA0928.html,//data.riksdagen.se/dokument/HA0928.text,2022-11-30,2022,11
HA0929,2022/23,29,Protokoll 2022/23:29 Torsdagen den 1 december,2022-12-01,Protokoll,//data.riksdagen.se/dokument/HA0929.html,//data.riksdagen.se/dokument/HA0929.text,2022-12-01,2022,12
HA0930,2022/23,30,Protokoll 2022/23:30 Fredagen den 2 december,2022-12-02,Protokoll,//data.riksdagen.se/dokument/HA0930.html,//data.riksdagen.se/dokument/HA0930.text,2022-12-02,2022,12
HA0931,2022/23,31,Protokoll 2022/23:31 Måndagen den 5 december,2022-12-05,Protokoll,//data.riksdagen.se/dokument/HA0931.html,//data.riksdagen.se/dokument/HA0931.text,2022-12-05,2022,12
HA0932,2022/23,32,Protokoll 2022/23:32 Tisdagen den 6 december,2022-12-06,Protokoll,//data.riksdagen.se/dokument/HA0932.html,//data.riksdagen.se/dokument/HA0932.text,2022-12-06,2022,12
HA0933,2022/23,33,Protokoll 2022/23:33 Onsdagen den 7 december,2022-12-07,Protokoll,//data.riksdagen.se/dokument/HA0933.html,//data.riksdagen.se/dokument/HA0933.text,2022-12-07,2022,12
HA0934,2022/23,34,Protokoll 2022/23:34 Torsdagen den 8 december,2022-12-08,Protokoll,//data.riksdagen.se/dokument/HA0934.html,//data.riksdagen.se/dokument/HA0934.text,2022-12-08,2022,12
HA0935,2022/23,35,Protokoll 2022/23:35 Fredagen den 9 december,2022-12-09,Protokoll,//data.riksdagen.se/dokument/HA0935.html,//data.riksdagen.se/dokument/HA0935.text,2022-12-09,2022,12
HA0936,2022/23,36,Protokoll 2022/23:36 Måndagen den 12 december,2022-12-12,Protokoll,//data.riksdagen.se/dokument/HA0936.html,//data.riksdagen.se/dokument/HA0936.text,2022-12-12,2022,12
HA0937,2022/23,37,Protokoll 2022/23:37 Tisdagen den 13 december,2022-12-13,Protokoll,//data.riksdagen.se/dokument/HA0937.html,//data.riksdagen.se/dokument/HA0937.text,2022-12-13,2022,12
HA0938,2022/23,38,Protokoll 2022/23:38 Onsdagen den 14 december,2022-12-14,Protokoll,//data.riksdagen.se/dokument/HA0938.html,//data.riksdagen.se/dokument/HA0938.text,2022-12-14,2022,12
HA0939,2022/23,39,Protokoll 2022/23:39 Torsdagen den 15 december,2022-12-15,Protokoll,//data.riksdagen.se/dokument/HA0939.html,//data.riksdagen.se/dokument/HA0939.text,2022-12-15,2022,12
HA0940,2022/23,40,Protokoll 2022/23:40 Fredagen den 16 december,2022-12-16,Protokoll,//data.riksdagen.se/dokument/HA0940.html,//data.riksdagen.se/dokument/HA0940.text,2022-12-16,2022,12
HA0941,2022/23,41,Protokoll 2022/23:41 Lördagen den 17 december,2022-12-17,Protokoll,//data.riksdagen.se/dokument/HA0941.html,//data.riksdagen.se/dokument/HA0941.text,2022-12-17,2022,12
HA0942,2022/23,42,Protokoll 2022/23:42 Måndagen den 19 december,2022-12-19,Protokoll,//data.riksdagen.se/dokument/HA0942.html,//data.riksdagen.se/dokument/HA0942.text,2022-12-19,2022,12
HA0943,2022/23,43,Protokoll 2022/23:43 Tisdagen den 20 december,2022-12-20,Protokoll,//data.riksdagen.se/dokument/HA0943.html,//data.riksdagen.se/dokument/HA0943.text,2022-12-20,2022,12
HA0944,2022/23,44,Protokoll 2022/23:44 Onsdagen den 21 december,2022-12-21,Protokoll,//data.riksdagen.se/dokument/HA0944.html,//data.riksdagen.se/dokument/HA0944.text,2022-12-21,2022,12
HA0966,2022/23,66,Protokoll 2022/23:66 Tisdagen den 21 februari,2023-02-21,Protokoll,//data.riksdagen.se/dokument/HA0966.html,//data.riksdagen.se/dokument/HA0966.text,2023-02-21,2023,2
HA0967,2022/23,67,Protokoll 2022/23:67 Onsdagen den 22 februari,2023-02-22,Protokoll,//data.riksdagen.se/dokument/HA0967.html,//data.riksdagen.se/dokument/HA0967.text,2023-02-22,2023,2
HA0968,2022/23,68,Protokoll 2022/23:68 Torsdagen den 23 februari,2023-02-23,Protokoll,//data.riksdagen.se/dokument/HA0968.html,//data.riksdagen.se/dokument/HA0968.text,2023-02-23,2023,2
HA0969,2022/23,69,Protokoll 2022/23:69 Fredagen den 24 februari,2023-02-24,Protokoll,//data.riksdagen.se/dokument/HA0969.html,//data.riksdagen.se/dokument/HA0969.text,2023-02-24,2023,2
HA0970,2022/23,70,Protokoll 2022/23:70 Tisdagen den 7 mars,2023-03-07,Protokoll,//data.riksdagen.se/dokument/HA0970.html,//data.riksdagen.se/dokument/HA0970.text,2023-03-07,2023,3
HA0971,2022/23,71,Protokoll 2022/23:71 Onsdagen den 8 mars,2023-03-08,Protokoll,//data.riksdagen.se/dokument/HA0971.html,//data.riksdagen.se/dokument/HA0971.text,2023-03-08,2023,3
HA0972,2022/23,72,Protokoll 2022/23:72 Torsdagen den 9 mars,2023-03-09,Protokoll,//data.riksdagen.se/dokument/HA0972.html,//data.riksdagen.se/dokument/HA0972.text,2023-03-09,2023,3
HA0973,2022/23,73,Protokoll 2022/23:73 Fredagen den 10 mars,2023-03-10,Protokoll,//data.riksdagen.se/dokument/HA0973.html,//data.riksdagen.se/dokument/HA0973.text,2023-03-10,2023,3
HA0974,2022/23,74,Protokoll 2022/23:74 Tisdagen den 14 mars,2023-03-14,Protokoll,//data.riksdagen.se/dokument/HA0974.html,//data.riksdagen.se/dokument/HA0974.text,2023-03-14,2023,3
HA0975,2022/23,75,Protokoll 2022/23:75 Onsdagen den 15 mars,2023-03-15,Protokoll,//data.riksdagen.se/dokument/HA0975.html,//data.riksdagen.se/dokument/HA0975.text,2023-03-15,2023,3
HA0976,2022/23,76,Protokoll 2022/23:76 Torsdagen den 16 mars,2023-03-16,Protokoll,//data.riksdagen.se/dokument/HA0976.html,//data.riksdagen.se/dokument/HA0976.text,2023-03-16,2023,3
HA0977,2022/23,77,Protokoll 2022/23:77 Fredagen den 17 mars,2023-03-17,Protokoll,//data.riksdagen.se/dokument/HA0977.html,//data.riksdagen.se/dokument/HA0977.text,2023-03-17,2023,3
HA0978,2022/23,78,Protokoll 2022/23:78 Tisdagen den 21 mars,2023-03-21,Protokoll,//data.riksdagen.se/dokument/HA0978.html,//data.riksdagen.se/dokument/HA0978.text,2023-03-21,2023,3
HA0979,2022/23,79,Protokoll 2022/23:79 Onsdagen den 22 mars,2023-03-22,Protokoll,//data.riksdagen.se/dokument/HA0979.html,//data.riksdagen.se/dokument/HA0979.text,2023-03-22,2023,3
HA0980,2022/23,80,Protokoll 2022/23:80 Torsdagen den 23 mars,2023-03-23,Protokoll,//data.riksdagen.se/dokument/HA0980.html,//data.riksdagen.se/dokument/HA0980.text,2023-03-23,2023,3
HA0981,2022/23,81,Protokoll 2022/23:81 Fredagen den 24 mars,2023-03-24,Protokoll,//data.riksdagen.se/dokument/HA0981.html,//data.riksdagen.se/dokument/HA0981.text,2023-03-24,2023,3
HA0982,2022/23,82,Protokoll 2022/23:82 Tisdagen den 28 mars,2023-03-28,Protokoll,//data.riksdagen.se/dokument/HA0982.html,//data.riksdagen.se/dokument/HA0982.text,2023-03-28,2023,3
HA0983,2022/23,83,Protokoll 2022/23:83 Onsdagen den 29 mars,2023-03-29,Protokoll,//data.riksdagen.se/dokument/HA0983.html,//data.riksdagen.se/dokument/HA0983.text,2023-03-29,2023,3
HA0984,2022/23,84,Protokoll 2022/23:84 Torsdagen den 30 mars,2023-03-30,Protokoll,//data.riksdagen.se/dokument/HA0984.html,//data.riksdagen.se/dokument/HA0984.text,2023-03-30,2023,3
HA0985,2022/23,85,Protokoll 2022/23:85 Fredagen den 31 mars,2023-03-31,Protokoll,//data.riksdagen.se/dokument/HA0985.html,//data.riksdagen.se/dokument/HA0985.text,2023-03-31,2023,3
HA09112,2022/23,112,Protokoll 2022/23:112 Torsdagen den 25 maj,2023-05-25,Protokoll,//data.riksdagen.se/dokument/HA09112.html,//data.riksdagen.se/dokument/HA09112.text,2023-05-25,2023,5
HA09113,2022/23,113,Protokoll 2022/23:113 Fredagen den 26 maj,2023-05-26,Protokoll,//data.riksdagen.se/dokument/HA09113.html,//data.riksdagen.se/dokument/HA09113.text,2023-05-26,2023,5
HA09114,2022/23,114,Protokoll 2022/23:114 Måndagen den 29 maj,2023-05-29,Protokoll,//data.riksdagen.se/dokument/HA09114.html,//data.riksdagen.se/dokument/HA09114.text,2023-05-29,2023,5
HA09115,2022/23,115,Protokoll 2022/23:115 Tisdagen den 30 maj,2023-05-30,Protokoll,//data.riksdagen.se/dokument/HA09115.html,//data.riksdagen.se/dokument/HA09115.text,2023-05-30,2023,5
HA09116,2022/23,116,Protokoll 2022/23:116 Onsdagen den 31 maj,2023-05-31,Protokoll,//data.riksdagen.se/dokument/HA09116.html,//data.riksdagen.se/dokument/HA09116.text,2023-05-31,2023,5
HA09117,2022/23,117,Protokoll 2022/23:117 Torsdagen den 1 juni,2023-06-01,Protokoll,//data.riksdagen.se/dokument/HA09117.html,//data.riksdagen.se/dokument/HA09117.text,2023-06-01,2023,6
HA09118,2022/23,118,Protokoll 2022/23:118 Fredagen den 2 juni,2023-06-02,Protokoll,//data.riksdagen.se/dokument/HA09118.html,//data.riksdagen.se/dokument/HA09118.text,2023-06-02,2023,6
HA09119,2022/23,119,Protokoll 2022/23:119 Onsdagen den 7 juni,2023-06-07,Protokoll,//data.riksdagen.se/dokument/HA09119.html,//data.riksdagen.se/dokument/HA09119.text,2023-06-07,2023,6
HA09120,2022/23,120,Protokoll 2022/23:120 Torsdagen den 8 juni,2023-06-08,Protokoll,//data.riksdagen.se/dokument/HA09120.html,//data.riksdagen.se/dokument/HA09120.text,2023-06-08,2023,6
HA09121,2022/23,121,Protokoll 2022/23:121 Fredagen den 9 juni,2023-06-09,Protokoll,//data.riksdagen.se/dokument/HA09121.html,//data.riksdagen.se/dokument/HA09121.text,2023-06-09,2023,6
HA09122,2022/23,122,Protokoll 2022/23:122 Måndagen den 12 juni,2023-06-12,Protokoll,//data.riksdagen.se/dokument/HA09122.html,//data.riksdagen.se/dokument/HA09122.text,2023-06-12,2023,6
HA09123,2022/23,123,Protokoll 2022/23:123 Tisdagen den 13 juni,2023-06-13,Protokoll,//data.riksdagen.se/dokument/HA09123.html,//data.riksdagen.se/dokument/HA09123.text,2023-06-13,2023,6
HA09124,2022/23,124,Protokoll 2022/23:124 Onsdagen den 14 juni,2023-06-14,Protokoll,//data.riksdagen.se/dokument/HA09124.html,//data.riksdagen.se/dokument/HA09124.text,2023-06-14,2023,6
HA09125,2022/23,125,Protokoll 2022/23:125 Torsdagen den 15 juni,2023-06-15,Protokoll,//data.riksdagen.se/dokument/HA09125.html,//data.riksdagen.se/dokument/HA09125.text,2023-06-15,2023,6
HA09126,2022/23,126,Protokoll 2022/23:126 Fredagen den 16 juni,2023-06-16,Protokoll,//data.riksdagen.se/dokument/HA09126.html,//data.riksdagen.se/dokument/HA09126.text,2023-06-16,2023,6
HA09127,2022/23,127,Protokoll 2022/23:127 Måndagen den 19 juni,2023-06-19,Protokoll,//data.riksdagen.se/dokument/HA09127.html,//data.riksdagen.se/dokument/HA09127.text,2023-06-19,2023,6
HA09128,2022/23,128,Protokoll 2022/23:128 Tisdagen den 20 juni,2023-06-20,Protokoll,//data.riksdagen.se/dokument/HA09128.html,//data.riksdagen.se/dokument/HA09128.text,2023-06-20,2023,6
HA09129,2022/23,129,Protokoll 2022/23:129 Onsdagen den 21 juni,2023-06-21,Protokoll,//data.riksdagen.se/dokument/HA09129.html,//data.riksdagen.se/dokument/HA09129.text,2023-06-21,2023,6
HA09130,2022/23,130,Protokoll 2022/23:130 Måndagen den 26 juni,2023-06-26,Protokoll,//data.riksdagen.se/dokument/HA09130.html,//data.riksdagen.se/dokument/HA09130.text,2023-06-26,2023,6
HA09131,2022/23,131,Protokoll 2022/23:131 Tisdagen den 27 juni,2023-06-27,Protokoll,//data.riksdagen.se/dokument/HA09131.html,//data.riksdagen.se/dokument/HA09131.text,2023-06-27,2023,6
HA09132,2022/23,132,Protokoll 2022/23:132 Onsdagen den 16 augusti,2023-08-16,Protokoll,//data.riksdagen.se/dokument/HA09132.html,//data.riksdagen.se/dokument/HA09132.text,2023-08-16,2023,8
HA09133,2022/23,133,Protokoll 2022/23:133 Torsdagen den 17 augusti,2023-08-17,Protokoll,//data.riksdagen.se/dokument/HA09133.html,//data.riksdagen.se/dokument/HA09133.text,2023-08-17,2023,8
HA09134,2022/23,134,Protokoll 2022/23:134 Tisdagen den 22 augusti,2023-08-22,Protokoll,//data.riksdagen.se/dokument/HA09134.html,//data.riksdagen.se/dokument/HA09134.text,2023-08-22,2023,8
HA09135,2022/23,135,Protokoll 2022/23:135 Torsdagen den 31 augusti,2023-08-31,Protokoll,//data.riksdagen.se/dokument/HA09135.html,//data.riksdagen.se/dokument/HA09135.text,2023-08-31,2023,8
HB091,2023/24,1,Protokoll 2023/24:1 Tisdagen den 12 september,2023-09-12,Protokoll,//data.riksdagen.se/dokument/HB091.html,//data.riksdagen.se/dokument/HB091.text,2023-09-12,2023,9
HB092,2023/24,2,Protokoll 2023/24:2 Tisdagen den 12 september,2023-09-12,Protokoll,//data.riksdagen.se/dokument/HB092.html,//data.riksdagen.se/dokument/HB092.text,2023-09-12,2023,9
HB093,2023/24,3,Protokoll 2023/24:3 Onsdagen den 13 september,2023-09-13,Protokoll,//data.riksdagen.se/dokument/HB093.html,//data.riksdagen.se/dokument/HB093.text,2023-09-13,2023,9
HB094,2023/24,4,Protokoll 2023/24:4 Torsdagen den 14 september,2023-09-14,Protokoll,//data.riksdagen.se/dokument/HB094.html,//data.riksdagen.se/dokument/HB094.text,2023-09-14,2023,9
HB095,2023/24,5,Protokoll 2023/24:5 Fredagen den 15 september,2023-09-15,Protokoll,//data.riksdagen.se/dokument/HB095.html,//data.riksdagen.se/dokument/HB095.text,2023-09-15,2023,9
HB096,2023/24,6,Protokoll 2023/24:6 Tisdagen den 19 september,2023-09-19,Protokoll,//data.riksdagen.se/dokument/HB096.html,//data.riksdagen.se/dokument/HB096.text,2023-09-19,2023,9
HB097,2023/24,7,Protokoll 2023/24:7 Onsdagen den 20 september,2023-09-20,Protokoll,//data.riksdagen.se/dokument/HB097.html,//data.riksdagen.se/dokument/HB097.text,2023-09-20,2023,9
HB098,2023/24,8,Protokoll 2023/24:8 Torsdagen den 21 september,2023-09-21,Protokoll,//data.riksdagen.se/dokument/HB098.html,//data.riksdagen.se/dokument/HB098.text,2023-09-21,2023,9
HB099,2023/24,9,Protokoll 2023/24:9 Tisdagen den 26 september,2023-09-26,Protokoll,//data.riksdagen.se/dokument/HB099.html,//data.riksdagen.se/dokument/HB099.text,2023-09-26,2023,9
HB0910,2023/24,10,Protokoll 2023/24:10 Onsdagen den 27 september,2023-09-27,Protokoll,//data.riksdagen.se/dokument/HB0910.html,//data.riksdagen.se/dokument/HB0910.text,2023-09-27,2023,9
HB0911,2023/24,11,Protokoll 2023/24:11 Torsdagen den 28 september,2023-09-28,Protokoll,//data.riksdagen.se/dokument/HB0911.html,//data.riksdagen.se/dokument/HB0911.text,2023-09-28,2023,9
HB0912,2023/24,12,Protokoll 2023/24:12 Fredagen den 29 september,2023-09-29,Protokoll,//data.riksdagen.se/dokument/HB0912.html,//data.riksdagen.se/dokument/HB0912.text,2023-09-29,2023,9
HB0935,2023/24,35,Protokoll 2023/24:35 Torsdagen den 23 november,2023-11-23,Protokoll,//data.riksdagen.se/dokument/HB0935.html,//data.riksdagen.se/dokument/HB0935.text,2023-11-23,2023,11
HB0936,2023/24,36,Protokoll 2023/24:36 Fredagen den 24 november,2023-11-24,Protokoll,//data.riksdagen.se/dokument/HB0936.html,//data.riksdagen.se/dokument/HB0936.text,2023-11-24,2023,11
HB0937,2023/24,37,Protokoll 2023/24:37 Tisdagen den 28 november,2023-11-28,Protokoll,//data.riksdagen.se/dokument/HB0937.html,//data.riksdagen.se/dokument/HB0937.text,2023-11-28,2023,11
HB0938,2023/24,38,Protokoll 2023/24:38 Onsdagen den 29 november,2023-11-29,Protokoll,//data.riksdagen.se/dokument/HB0938.html,//data.riksdagen.se/dokument/HB0938.text,2023-11-29,2023,11
HB0939,2023/24,39,Protokoll 2023/24:39 Torsdagen den 30 november,2023-11-30,Protokoll,//data.riksdagen.se/dokument/HB0939.html,//data.riksdagen.se/dokument/HB0939.text,2023-11-30,2023,11
HB0940,2023/24,40,Protokoll 2023/24:40 Fredagen den 1 december,2023-12-01,Protokoll,//data.riksdagen.se/dokument/HB0940.html,//data.riksdagen.se/dokument/HB0940.text,2023-12-01,2023,12
HB0941,2023/24,41,Protokoll 2023/24:41 Måndagen den 4 december,2023-12-04,Protokoll,//data.riksdagen.se/dokument/HB0941.html,//data.riksdagen.se/dokument/HB0941.text,2023-12-04,2023,12
HB0942,2023/24,42,Protokoll 2023/24:42 Tisdagen den 5 december,2023-12-05,Protokoll,//data.riksdagen.se/dokument/HB0942.html,//data.riksdagen.se/dokument/HB0942.text,2023-12-05,2023,12
HB0943,2023/24,43,Protokoll 2023/24:43 Onsdagen den 6 december,2023-12-06,Protokoll,//data.riksdagen.se/dokument/HB0943.html,//data.riksdagen.se/dokument/HB0943.text,2023-12-06,2023,12
HB0944,2023/24,44,Protokoll 2023/24:44 Torsdagen den 7 december,2023-12-07,Protokoll,//data.riksdagen.se/dokument/HB0944.html,//data.riksdagen.se/dokument/HB0944.text,2023-12-07,2023,12
HB0945,2023/24,45,Protokoll 2023/24:45 Fredagen den 8 december,2023-12-08,Protokoll,//data.riksdagen.se/dokument/HB0945.html,//data.riksdagen.se/dokument/HB0945.text,2023-12-08,2023,12
HB0946,2023/24,46,Protokoll 2023/24:46 Måndagen den 11 december,2023-12-11,Protokoll,//data.riksdagen.se/dokument/HB0946.html,//data.riksdagen.se/dokument/HB0946.text,2023-12-11,2023,12
HB0947,2023/24,47,Protokoll 2023/24:47 Tisdagen den 12 december,2023-12-12,Protokoll,//data.riksdagen.se/dokument/HB0947.html,//data.riksdagen.se/dokument/HB0947.text,2023-12-12,2023,12
HB0948,2023/24,48,Protokoll 2023/24:48 Onsdagen den 13 december,2023-12-13,Protokoll,//data.riksdagen.se/dokument/HB0948.html,//data.riksdagen.se/dokument/HB0948.text,2023-12-13,2023,12
HB0949,2023/24,49,Protokoll 2023/24:49 Torsdagen den 14 december,2023-12-14,Protokoll,//data.riksdagen.se/dokument/HB0949.html,//data.riksdagen.se/dokument/HB0949.text,2023-12-14,2023,12
HB0950,2023/24,50,Protokoll 2023/24:50 Fredagen den 15 december,2023-12-15,Protokoll,//data.riksdagen.se/dokument/HB0950.html,//data.riksdagen.se/dokument/HB0950.text,2023-12-15,2023,12
HB0951,2023/24,51,Protokoll 2023/24:51 Måndagen den 18 december,2023-12-18,Protokoll,//data.riksdagen.se/dokument/HB0951.html,//data.riksdagen.se/dokument/HB0951.text,2023-12-18,2023,12
HB0952,2023/24,52,Protokoll 2023/24:52 Tisdagen den 19 december,2023-12-19,Protokoll,//data.riksdagen.se/dokument/HB0952.html,//data.riksdagen.se/dokument/HB0952.text,2023-12-19,2023,12
HB0953,2023/24,53,Protokoll 2023/24:53 Onsdagen den 20 december,2023-12-20,Protokoll,//data.riksdagen.se/dokument/HB0953.html,//data.riksdagen.se/dokument/HB0953.text,2023-12-20,2023,12
HB0954,2023/24,54,Protokoll 2023/24:54 Torsdagen den 21 december,2023-12-21,Protokoll,//data.riksdagen.se/dokument/HB0954.html,//data.riksdagen.se/dokument/HB0954.text,2023-12-21,2023,12
HB0970,2023/24,70,Protokoll 2023/24:70 Tisdagen den 13 februari,2024-02-13,Protokoll,//data.riksdagen.se/dokument/HB0970.html,//data.riksdagen.se/dokument/HB0970.text,2024-02-13,2024,2
HB0971,2023/24,71,Protokoll 2023/24:71 Onsdagen den 14 februari,2024-02-14,Protokoll,//data.riksdagen.se/dokument/HB0971.html,//data.riksdagen.se/dokument/HB0971.text,2024-02-14,2024,2
HB0972,2023/24,72,Protokoll 2023/24:72 Torsdagen den 15 februari,2024-02-15,Protokoll,//data.riksdagen.se/dokument/HB0972.html,//data.riksdagen.se/dokument/HB0972.text,2024-02-15,2024,2
HB0973,2023/24,73,Protokoll 2023/24:73 Fredagen den 16 februari,2024-02-16,Protokoll,//data.riksdagen.se/dokument/HB0973.html,//data.riksdagen.se/dokument/HB0973.text,2024-02-16,2024,2
HB0974,2023/24,74,Protokoll 2023/24:74 Torsdagen den 22 februari,2024-02-22,Protokoll,//data.riksdagen.se/dokument/HB0974.html,//data.riksdagen.se/dokument/HB0974.text,2024-02-22,2024,2
HB0975,2023/24,75,Protokoll 2023/24:75 Tisdagen den 27 februari,2024-02-27,Protokoll,//data.riksdagen.se/dokument/HB0975.html,//data.riksdagen.se/dokument/HB0975.text,2024-02-27,2024,2
HB0976,2023/24,76,Protokoll 2023/24:76 Onsdagen den 28 februari,2024-02-28,Protokoll,//data.riksdagen.se/dokument/HB0976.html,//data.riksdagen.se/dokument/HB0976.text,2024-02-28,2024,2
HB0977,2023/24,77,Protokoll 2023/24:77 Torsdagen den 29 februari,2024-02-29,Protokoll,//data.riksdagen.se/dokument/HB0977.html,//data.riksdagen.se/dokument/HB0977.text,2024-02-29,2024,2
HB0978,2023/24,78,Protokoll 2023/24:78 Fredagen den 1 mars,2024-03-01,Protokoll,//data.riksdagen.se/dokument/HB0978.html,//data.riksdagen.se/dokument/HB0978.text,2024-03-01,2024,3
HB0979,2023/24,79,Protokoll 2023/24:79 Tisdagen den 5 mars,2024-03-05,Protokoll,//data.riksdagen.se/dokument/HB0979.html,//data.riksdagen.se/dokument/HB0979.text,2024-03-05,2024,3
HB0980,2023/24,80,Protokoll 2023/24:80 Onsdagen den 6 mars,2024-03-06,Protokoll,//data.riksdagen.se/dokument/HB0980.html,//data.riksdagen.se/dokument/HB0980.text,2024-03-06,2024,3
HB0981,2023/24,81,Protokoll 2023/24:81 Torsdagen den 7 mars,2024-03-07,Protokoll,//data.riksdagen.se/dokument/HB0981.html,//data.riksdagen.se/dokument/HB0981.text,2024-03-07,2024,3
HB0982,2023/24,82,Protokoll 2023/24:82 Fredagen den 8 mars,2024-03-08,Protokoll,//data.riksdagen.se/dokument/HB0982.html,//data.riksdagen.se/dokument/HB0982.text,2024-03-08,2024,3
HB0983,2023/24,83,Protokoll 2023/24:83 Tisdagen den 12 mars,2024-03-12,Protokoll,//data.riksdagen.se/dokument/HB0983.html,//data.riksdagen.se/dokument/HB0983.text,2024-03-12,2024,3
HB0984,2023/24,84,Protokoll 2023/24:84 Torsdagen den 14 mars,2024-03-14,Protokoll,//data.riksdagen.se/dokument/HB0984.html,//data.riksdagen.se/dokument/HB0984.text,2024-03-14,2024,3
HB0985,2023/24,85,Protokoll 2023/24:85 Fredagen den 15 mars,2024-03-15,Protokoll,//data.riksdagen.se/dokument/HB0985.html,//data.riksdagen.se/dokument/HB0985.text,2024-03-15,2024,3
HB0986,2023/24,86,Protokoll 2023/24:86 Tisdagen den 19 mars,2024-03-19,Protokoll,//data.riksdagen.se/dokument/HB0986.html,//data.riksdagen.se/dokument/HB0986.text,2024-03-19,2024,3
HB0987,2023/24,87,Protokoll 2023/24:87 Onsdagen den 20 mars,2024-03-20,Protokoll,//data.riksdagen.se/dokument/HB0987.html,//data.riksdagen.se/dokument/HB0987.text,2024-03-20,2024,3
HB0988,2023/24,88,Protokoll 2023/24:88 Torsdagen den 21 mars,2024-03-21,Protokoll,//data.riksdagen.se/dokument/HB0988.html,//data.riksdagen.se/dokument/HB0988.text,2024-03-21,2024,3
HB0989,2023/24,89,Protokoll 2023/24:89 Fredagen den 22 mars,2024-03-22,Protokoll,//data.riksdagen.se/dokument/HB0989.html,//data.riksdagen.se/dokument/HB0989.text,2024-03-22,2024,3
HB09119,2023/24,119,Protokoll 2023/24:119 Onsdagen den 22 maj,2024-05-22,Protokoll,//data.riksdagen.se/dokument/HB09119.html,//data.riksdagen.se/dokument/HB09119.text,2024-05-22,2024,5
HB09120,2023/24,120,Protokoll 2023/24:120 Torsdagen den 23 maj,2024-05-23,Protokoll,//data.riksdagen.se/dokument/HB09120.html,//data.riksdagen.se/dokument/HB09120.text,2024-05-23,2024,5
HB09121,2023/24,121,Protokoll 2023/24:121 Fredagen den 24 maj,2024-05-24,Protokoll,//data.riksdagen.se/dokument/HB09121.html,//data.riksdagen.se/dokument/HB09121.text,2024-05-24,2024,5
HB09122,2023/24,122,Protokoll 2023/24:122 Måndagen den 27 maj,2024-05-27,Protokoll,//data.riksdagen.se/dokument/HB09122.html,//data.riksdagen.se/dokument/HB09122.text,2024-05-27,2024,5
HB09123,2023/24,123,Protokoll 2023/24:123 Tisdagen den 28 maj,2024-05-28,Protokoll,//data.riksdagen.se/dokument/HB09123.html,//data.riksdagen.se/dokument/HB09123.text,2024-05-28,2024,5
HB09124,2023/24,124,Protokoll 2023/24:124 Onsdagen den 29 maj,2024-05-29,Protokoll,//data.riksdagen.se/dokument/HB09124.html,//data.riksdagen.se/dokument/HB09124.text,2024-05-29,2024,5
HB09125,2023/24,125,Protokoll 2023/24:125 Torsdagen den 30 maj,2024-05-30,Protokoll,//data.riksdagen.se/dokument/HB09125.html,//data.riksdagen.se/dokument/HB09125.text,2024-05-30,2024,5
HB09126,2023/24,126,Protokoll 2023/24:126 Fredagen den 31 maj,2024-05-31,Protokoll,//data.riksdagen.se/dokument/HB09126.html,//data.riksdagen.se/dokument/HB09126.text,2024-05-31,2024,5
HB09127,2023/24,127,Protokoll 2023/24:127 Fredagen den 7 juni,2024-06-07,Protokoll,//data.riksdagen.se/dokument/HB09127.html,//data.riksdagen.se/dokument/HB09127.text,2024-06-07,2024,6
HB09128,2023/24,128,Protokoll 2023/24:128 Måndagen den 10 juni,2024-06-10,Protokoll,//data.riksdagen.se/dokument/HB09128.html,//data.riksdagen.se/dokument/HB09128.text,2024-06-10,2024,6
HB09129,2023/24,129,Protokoll 2023/24:129 Tisdagen den 11 juni,2024-06-11,Protokoll,//data.riksdagen.se/dokument/HB09129.html,//data.riksdagen.se/dokument/HB09129.text,2024-06-11,2024,6
HB09130,2023/24,130,Protokoll 2023/24:130 Onsdagen den 12 juni,2024-06-12,Protokoll,//data.riksdagen.se/dokument/HB09130.html,//data.riksdagen.se/dokument/HB09130.text,2024-06-12,2024,6
HB09131,2023/24,131,Protokoll 2023/24:131 Torsdagen den 13 juni,2024-06-13,Protokoll,//data.riksdagen.se/dokument/HB09131.html,//data.riksdagen.se/dokument/HB09131.text,2024-06-13,2024,6
HB09132,2023/24,132,Protokoll 2023/24:132 Fredagen den 14 juni,2024-06-14,Protokoll,//data.riksdagen.se/dokument/HB09132.html,//data.riksdagen.se/dokument/HB09132.text,2024-06-14,2024,6
HB09133,2023/24,133,Protokoll 2023/24:133 Lördagen den 15 juni,2024-06-15,Protokoll,//data.riksdagen.se/dokument/HB09133.html,//data.riksdagen.se/dokument/HB09133.text,2024-06-15,2024,6
HB09134,2023/24,134,Protokoll 2023/24:134 Måndagen den 17 juni,2024-06-17,Protokoll,//data.riksdagen.se/dokument/HB09134.html,//data.riksdagen.se/dokument/HB09134.text,2024-06-17,2024,6
HB09135,2023/24,135,Protokoll 2023/24:135 Tisdagen den 18 juni,2024-06-18,Protokoll,//data.riksdagen.se/dokument/HB09135.html,//data.riksdagen.se/dokument/HB09135.text,2024-06-18,2024,6
HB09136,2023/24,136,Protokoll 2023/24:136 Onsdagen den 19 juni,2024-06-19,Protokoll,//data.riksdagen.se/dokument/HB09136.html,//data.riksdagen.se/dokument/HB09136.text,2024-06-19,2024,6
HB09137,2023/24,137,Protokoll 2023/24:137 Måndagen den 24 juni,2024-06-24,Protokoll,//data.riksdagen.se/dokument/HB09137.html,//data.riksdagen.se/dokument/HB09137.text,2024-06-24,2024,6
HB09138,2023/24,138,Protokoll 2023/24:138 Tisdagen den 25 juni,2024-06-25,Protokoll,//data.riksdagen.se/dokument/HB09138.html,//data.riksdagen.se/dokument/HB09138.text,2024-06-25,2024,6
HB09139,2023/24,139,Protokoll 2023/24:139 Tisdagen den 20 augusti,2024-08-20,Protokoll,//data.riksdagen.se/dokument/HB09139.html,//data.riksdagen.se/dokument/HB09139.text,2024-08-20,2024,8
HB09140,2023/24,140,Protokoll 2023/24:140 Torsdagen den 29 augusti,2024-08-29,Protokoll,//data.riksdagen.se/dokument/HB09140.html,//data.riksdagen.se/dokument/HB09140.text,2024-08-29,2024,8
HB09141,2023/24,141,Protokoll 2023/24:141 Torsdagen den 5 september,2024-09-05,Protokoll,//data.riksdagen.se/dokument/HB09141.html,//data.riksdagen.se/dokument/HB09141.text,2024-09-05,2024,9
HC091,2024/25,1,Protokoll 2024/25:1 Tisdagen den 10 september,2024-09-10,Protokoll,//data.riksdagen.se/dokument/HC091.html,//data.riksdagen.se/dokument/HC091.text,2024-09-10,2024,9
HC092,2024/25,2,Protokoll 2024/25:2 Tisdagen den 10 september,2024-09-10,Protokoll,//data.riksdagen.se/dokument/HC092.html,//data.riksdagen.se/dokument/HC092.text,2024-09-10,2024,9
HC093,2024/25,3,Protokoll 2024/25:3 Onsdagen den 11 september,2024-09-11,Protokoll,//data.riksdagen.se/dokument/HC093.html,//data.riksdagen.se/dokument/HC093.text,2024-09-11,2024,9
HC094,2024/25,4,Protokoll 2024/25:4 Torsdagen den 12 september,2024-09-12,Protokoll,//data.riksdagen.se/dokument/HC094.html,//data.riksdagen.se/dokument/HC094.text,2024-09-12,2024,9
HC095,2024/25,5,Protokoll 2024/25:5 Fredagen den 13 september,2024-09-13,Protokoll,//data.riksdagen.se/dokument/HC095.html,//data.riksdagen.se/dokument/HC095.text,2024-09-13,2024,9
HC096,2024/25,6,Protokoll 2024/25:6 Tisdagen den 17 september,2024-09-17,Protokoll,//data.riksdagen.se/dokument/HC096.html,//data.riksdagen.se/dokument/HC096.text,2024-09-17,2024,9
HC097,2024/25,7,Protokoll 2024/25:7 Torsdagen den 19 september,2024-09-19,Protokoll,//data.riksdagen.se/dokument/HC097.html,//data.riksdagen.se/dokument/HC097.text,2024-09-19,2024,9
HC098,2024/25,8,Protokoll 2024/25:8 Fredagen den 20 september,2024-09-20,Protokoll,//data.riksdagen.se/dokument/HC098.html,//data.riksdagen.se/dokument/HC098.text,2024-09-20,2024,9
HC099,2024/25,9,Protokoll 2024/25:9 Tisdagen den 24 september,2024-09-24,Protokoll,//data.riksdagen.se/dokument/HC099.html,//data.riksdagen.se/dokument/HC099.text,2024-09-24,2024,9
HC0910,2024/25,10,Protokoll 2024/25:10 Onsdagen den 25 september,2024-09-25,Protokoll,//data.riksdagen.se/dokument/HC0910.html,//data.riksdagen.se/dokument/HC0910.text,2024-09-25,2024,9
HC0911,2024/25,11,Protokoll 2024/25:11 Torsdagen den 26 september,2024-09-26,Protokoll,//data.riksdagen.se/dokument/HC0911.html,//data.riksdagen.se/dokument/HC0911.text,2024-09-26,2024,9
HC0935,2024/25,35,Protokoll 2024/25:35 Fredagen den 22 november,2024-11-22,Protokoll,//data.riksdagen.se/dokument/HC0935.html,//data.riksdagen.se/dokument/HC0935.text,2024-11-22,2024,11
HC0936,2024/25,36,Protokoll 2024/25:36 Måndagen den 25 november,2024-11-25,Protokoll,//data.riksdagen.se/dokument/HC0936.html,//data.riksdagen.se/dokument/HC0936.text,2024-11-25,2024,11
HC0937,2024/25,37,Protokoll 2024/25:37 Tisdagen den 26 november,2024-11-26,Protokoll,//data.riksdagen.se/dokument/HC0937.html,//data.riksdagen.se/dokument/HC0937.text,2024-11-26,2024,11
HC0938,2024/25,38,Protokoll 2024/25:38 Onsdagen den 27 november,2024-11-27,Protokoll,//data.riksdagen.se/dokument/HC0938.html,//data.riksdagen.se/dokument/HC0938.text,2024-11-27,2024,11
HC0939,2024/25,39,Protokoll 2024/25:39 Torsdagen den 28 november,2024-11-28,Protokoll,//data.riksdagen.se/dokument/HC0939.html,//data.riksdagen.se/dokument/HC0939.text,2024-11-28,2024,11
HC0940,2024/25,40,Protokoll 2024/25:40 Fredagen den 29 november,2024-11-29,Protokoll,//data.riksdagen.se/dokument/HC0940.html,//data.riksdagen.se/dokument/HC0940.text,2024-11-29,2024,11
HC0941,2024/25,41,Protokoll 2024/25:41 Måndagen den 2 december,2024-12-02,Protokoll,//data.riksdagen.se/dokument/HC0941.html,//data.riksdagen.se/dokument/HC0941.text,2024-12-02,2024,12
HC0942,2024/25,42,Protokoll 2024/25:42 Tisdagen den 3 december,2024-12-03,Protokoll,//data.riksdagen.se/dokument/HC0942.html,//data.riksdagen.se/dokument/HC0942.text,2024-12-03,2024,12
HC0943,2024/25,43,Protokoll 2024/25:43 Onsdagen den 4 december,2024-12-04,Protokoll,//data.riksdagen.se/dokument/HC0943.html,//data.riksdagen.se/dokument/HC0943.text,2024-12-04,2024,12
HC0944,2024/25,44,Protokoll 2024/25:44 Torsdagen den 5 december,2024-12-05,Protokoll,//data.riksdagen.se/dokument/HC0944.html,//data.riksdagen.se/dokument/HC0944.text,2024-12-05,2024,12
HC0945,2024/25,45,Protokoll 2024/25:45 Fredagen den 6 december,2024-12-06,Protokoll,//data.riksdagen.se/dokument/HC0945.html,//data.riksdagen.se/dokument/HC0945.text,2024-12-06,2024,12
HC0946,2024/25,46,Protokoll 2024/25:46 Måndagen den 9 december,2024-12-09,Protokoll,//data.riksdagen.se/dokument/HC0946.html,//data.riksdagen.se/dokument/HC0946.text,2024-12-09,2024,12
HC0947,2024/25,47,Protokoll 2024/25:47 Tisdagen den 10 december,2024-12-10,Protokoll,//data.riksdagen.se/dokument/HC0947.html,//data.riksdagen.se/dokument/HC0947.text,2024-12-10,2024,12
HC0948,2024/25,48,Protokoll 2024/25:48 Onsdagen den 11 december,2024-12-11,Protokoll,//data.riksdagen.se/dokument/HC0948.html,//data.riksdagen.se/dokument/HC0948.text,2024-12-11,2024,12
HC0949,2024/25,49,Protokoll 2024/25:49 Torsdagen den 12 december,2024-12-12,Protokoll,//data.riksdagen.se/dokument/HC0949.html,//data.riksdagen.se/dokument/HC0949.text,2024-12-12,2024,12
HC0950,2024/25,50,Protokoll 2024/25:50 Fredagen den 13 december,2024-12-13,Protokoll,//data.riksdagen.se/dokument/HC0950.html,//data.riksdagen.se/dokument/HC0950.text,2024-12-13,2024,12
HC0951,2024/25,51,Protokoll 2024/25:51 Måndagen den 16 december,2024-12-16,Protokoll,//data.riksdagen.se/dokument/HC0951.html,//data.riksdagen.se/dokument/HC0951.text,2024-12-16,2024,12
HC0952,2024/25,52,Protokoll 2024/25:52 Tisdagen den 17 december,2024-12-17,Protokoll,//data.riksdagen.se/dokument/HC0952.html,//data.riksdagen.se/dokument/HC0952.text,2024-12-17,2024,12
HC0953,2024/25,53,Protokoll 2024/25:53 Onsdagen den 18 december,2024-12-18,Protokoll,//data.riksdagen.se/dokument/HC0953.html,//data.riksdagen.se/dokument/HC0953.text,2024-12-18,2024,12
HC0954,2024/25,54,Protokoll 2024/25:54 Torsdagen den 19 december,2024-12-19,Protokoll,//data.riksdagen.se/dokument/HC0954.html,//data.riksdagen.se/dokument/HC0954.text,2024-12-19,2024,12
